region,date,group,number,percentage
C_19,2024-12-31,all,735536,100.0
C_19,2024-06-30,all,731055,100.0
C_19,2023-12-31,all,727235,100.0
C_19,2023-06-30,all,720933,100.0
C_19,2022-12-31,all,713117,100.0
C_19,2022-06-30,all,708187,100.0
C_19,2021-12-31,all,703186,100.0
C_19,2021-06-30,all,698570,100.0
D_1901,2024-12-31,all,84767,100.0
D_1901,2024-06-30,all,84293,100.0
D_1901,2023-12-31,all,83843,100.0
D_1901,2023-06-30,all,82823,100.0
D_1901,2022-12-31,all,81942,100.0
D_1901,2022-06-30,all,81495,100.0
D_1901,2021-12-31,all,81241,100.0
D_1901,2021-06-30,all,80709,100.0
M_4001,2024-12-31,all,22702,100.0
M_4001,2024-06-30,all,22492,100.0
M_4001,2023-12-31,all,22306,100.0
M_4001,2023-06-30,all,22068,100.0
M_4001,2022-12-31,all,21860,100.0
M_4001,2022-06-30,all,21741,100.0
M_4001,2021-12-31,all,21784,100.0
M_4001,2021-06-30,all,21731,100.0
M_4002,2024-12-31,all,1655,100.0
M_4002,2024-06-30,all,1643,100.0
M_4002,2023-12-31,all,1644,100.0
M_4002,2023-06-30,all,1634,100.0
M_4002,2022-12-31,all,1629,100.0
M_4002,2022-06-30,all,1608,100.0
M_4002,2021-12-31,all,1615,100.0
M_4002,2021-06-30,all,1595,100.0
M_4003,2024-12-31,all,8472,100.0
M_4003,2024-06-30,all,8423,100.0
M_4003,2023-12-31,all,8409,100.0
M_4003,2023-06-30,all,8428,100.0
M_4003,2022-12-31,all,8319,100.0
M_4003,2022-06-30,all,8245,100.0
M_4003,2021-12-31,all,8258,100.0
M_4003,2021-06-30,all,8157,100.0
M_4004,2024-12-31,all,769,100.0
M_4004,2024-06-30,all,759,100.0
M_4004,2023-12-31,all,771,100.0
M_4004,2023-06-30,all,764,100.0
M_4004,2022-12-31,all,751,100.0
M_4004,2022-06-30,all,740,100.0
M_4004,2021-12-31,all,746,100.0
M_4004,2021-06-30,all,753,100.0
M_4005,2024-12-31,all,4644,100.0
M_4005,2024-06-30,all,4575,100.0
M_4005,2023-12-31,all,4566,100.0
M_4005,2023-06-30,all,4527,100.0
M_4005,2022-12-31,all,4488,100.0
M_4005,2022-06-30,all,4482,100.0
M_4005,2021-12-31,all,4475,100.0
M_4005,2021-06-30,all,4424,100.0
M_4006,2024-12-31,all,8667,100.0
M_4006,2024-06-30,all,8688,100.0
M_4006,2023-12-31,all,8636,100.0
M_4006,2023-06-30,all,8541,100.0
M_4006,2022-12-31,all,8439,100.0
M_4006,2022-06-30,all,8467,100.0
M_4006,2021-12-31,all,8381,100.0
M_4006,2021-06-30,all,8223,100.0
M_4007,2024-12-31,all,1764,100.0
M_4007,2024-06-30,all,1767,100.0
M_4007,2023-12-31,all,1759,100.0
M_4007,2023-06-30,all,1706,100.0
M_4007,2022-12-31,all,1689,100.0
M_4007,2022-06-30,all,1632,100.0
M_4007,2021-12-31,all,1622,100.0
M_4007,2021-06-30,all,1631,100.0
M_4008,2024-12-31,all,7005,100.0
M_4008,2024-06-30,all,6945,100.0
M_4008,2023-12-31,all,6869,100.0
M_4008,2023-06-30,all,6730,100.0
M_4008,2022-12-31,all,6563,100.0
M_4008,2022-06-30,all,6530,100.0
M_4008,2021-12-31,all,6434,100.0
M_4008,2021-06-30,all,6385,100.0
M_4009,2024-12-31,all,4091,100.0
M_4009,2024-06-30,all,4109,100.0
M_4009,2023-12-31,all,4115,100.0
M_4009,2023-06-30,all,4073,100.0
M_4009,2022-12-31,all,4055,100.0
M_4009,2022-06-30,all,4047,100.0
M_4009,2021-12-31,all,4013,100.0
M_4009,2021-06-30,all,4016,100.0
M_4010,2024-12-31,all,8956,100.0
M_4010,2024-06-30,all,8967,100.0
M_4010,2023-12-31,all,8937,100.0
M_4010,2023-06-30,all,8850,100.0
M_4010,2022-12-31,all,8779,100.0
M_4010,2022-06-30,all,8701,100.0
M_4010,2021-12-31,all,8662,100.0
M_4010,2021-06-30,all,8619,100.0
M_4012,2024-12-31,all,11567,100.0
M_4012,2024-06-30,all,11433,100.0
M_4012,2023-12-31,all,11321,100.0
M_4012,2023-06-30,all,11028,100.0
M_4012,2022-12-31,all,10952,100.0
M_4012,2022-06-30,all,10857,100.0
M_4012,2021-12-31,all,10878,100.0
M_4012,2021-06-30,all,10800,100.0
M_4013,2024-12-31,all,4475,100.0
M_4013,2024-06-30,all,4492,100.0
M_4013,2023-12-31,all,4510,100.0
M_4013,2023-06-30,all,4474,100.0
M_4013,2022-12-31,all,4418,100.0
M_4013,2022-06-30,all,4445,100.0
M_4013,2021-12-31,all,4373,100.0
M_4013,2021-06-30,all,4375,100.0
C_19,2024-12-31,age_00_04,35801,4.8673
C_19,2024-06-30,age_00_04,36061,4.9327
C_19,2023-12-31,age_00_04,36621,5.0356
C_19,2023-06-30,age_00_04,36609,5.078
C_19,2022-12-31,age_00_04,36554,5.1259
C_19,2022-06-30,age_00_04,36603,5.1686
C_19,2021-12-31,age_00_04,36533,5.1954
C_19,2021-06-30,age_00_04,36336,5.2015
D_1901,2024-12-31,age_00_04,4180,4.9312
D_1901,2024-06-30,age_00_04,4212,4.9969
D_1901,2023-12-31,age_00_04,4265,5.0869
D_1901,2023-06-30,age_00_04,4220,5.0952
D_1901,2022-12-31,age_00_04,4236,5.1695
D_1901,2022-06-30,age_00_04,4289,5.2629
D_1901,2021-12-31,age_00_04,4274,5.2609
D_1901,2021-06-30,age_00_04,4276,5.298
M_4001,2024-12-31,age_00_04,1070,4.7132
M_4001,2024-06-30,age_00_04,1071,4.7617
M_4001,2023-12-31,age_00_04,1070,4.7969
M_4001,2023-06-30,age_00_04,1057,4.7897
M_4001,2022-12-31,age_00_04,1058,4.8399
M_4001,2022-06-30,age_00_04,1076,4.9492
M_4001,2021-12-31,age_00_04,1077,4.944
M_4001,2021-06-30,age_00_04,1085,4.9929
M_4002,2024-12-31,age_00_04,58,3.5045
M_4002,2024-06-30,age_00_04,64,3.8953
M_4002,2023-12-31,age_00_04,66,4.0146
M_4002,2023-06-30,age_00_04,67,4.1004
M_4002,2022-12-31,age_00_04,71,4.3585
M_4002,2022-06-30,age_00_04,68,4.2289
M_4002,2021-12-31,age_00_04,68,4.2105
M_4002,2021-06-30,age_00_04,67,4.2006
M_4003,2024-12-31,age_00_04,452,5.3352
M_4003,2024-06-30,age_00_04,464,5.5087
M_4003,2023-12-31,age_00_04,494,5.8747
M_4003,2023-06-30,age_00_04,503,5.9682
M_4003,2022-12-31,age_00_04,505,6.0704
M_4003,2022-06-30,age_00_04,494,5.9915
M_4003,2021-12-31,age_00_04,507,6.1395
M_4003,2021-06-30,age_00_04,508,6.2278
M_4004,2024-12-31,age_00_04,31,4.0312
M_4004,2024-06-30,age_00_04,27,3.5573
M_4004,2023-12-31,age_00_04,28,3.6316
M_4004,2023-06-30,age_00_04,30,3.9267
M_4004,2022-12-31,age_00_04,30,3.9947
M_4004,2022-06-30,age_00_04,27,3.6486
M_4004,2021-12-31,age_00_04,31,4.1555
M_4004,2021-06-30,age_00_04,26,3.4529
M_4005,2024-12-31,age_00_04,231,4.9742
M_4005,2024-06-30,age_00_04,224,4.8962
M_4005,2023-12-31,age_00_04,226,4.9496
M_4005,2023-06-30,age_00_04,225,4.9702
M_4005,2022-12-31,age_00_04,219,4.8797
M_4005,2022-06-30,age_00_04,233,5.1986
M_4005,2021-12-31,age_00_04,229,5.1173
M_4005,2021-06-30,age_00_04,235,5.3119
M_4006,2024-12-31,age_00_04,441,5.0883
M_4006,2024-06-30,age_00_04,435,5.0069
M_4006,2023-12-31,age_00_04,436,5.0486
M_4006,2023-06-30,age_00_04,433,5.0697
M_4006,2022-12-31,age_00_04,432,5.1191
M_4006,2022-06-30,age_00_04,440,5.1966
M_4006,2021-12-31,age_00_04,428,5.1068
M_4006,2021-06-30,age_00_04,417,5.0711
M_4007,2024-12-31,age_00_04,74,4.195
M_4007,2024-06-30,age_00_04,72,4.0747
M_4007,2023-12-31,age_00_04,73,4.1501
M_4007,2023-06-30,age_00_04,74,4.3376
M_4007,2022-12-31,age_00_04,79,4.6773
M_4007,2022-06-30,age_00_04,70,4.2892
M_4007,2021-12-31,age_00_04,74,4.5623
M_4007,2021-06-30,age_00_04,80,4.905
M_4008,2024-12-31,age_00_04,355,5.0678
M_4008,2024-06-30,age_00_04,347,4.9964
M_4008,2023-12-31,age_00_04,352,5.1245
M_4008,2023-06-30,age_00_04,336,4.9926
M_4008,2022-12-31,age_00_04,338,5.1501
M_4008,2022-06-30,age_00_04,351,5.3752
M_4008,2021-12-31,age_00_04,343,5.3311
M_4008,2021-06-30,age_00_04,340,5.325
M_4009,2024-12-31,age_00_04,184,4.4977
M_4009,2024-06-30,age_00_04,188,4.5753
M_4009,2023-12-31,age_00_04,189,4.593
M_4009,2023-06-30,age_00_04,191,4.6894
M_4009,2022-12-31,age_00_04,199,4.9075
M_4009,2022-06-30,age_00_04,199,4.9172
M_4009,2021-12-31,age_00_04,194,4.8343
M_4009,2021-06-30,age_00_04,206,5.1295
M_4010,2024-12-31,age_00_04,436,4.8682
M_4010,2024-06-30,age_00_04,457,5.0965
M_4010,2023-12-31,age_00_04,471,5.2702
M_4010,2023-06-30,age_00_04,466,5.2655
M_4010,2022-12-31,age_00_04,461,5.2512
M_4010,2022-06-30,age_00_04,467,5.3672
M_4010,2021-12-31,age_00_04,445,5.1374
M_4010,2021-06-30,age_00_04,457,5.3022
M_4012,2024-12-31,age_00_04,615,5.3168
M_4012,2024-06-30,age_00_04,621,5.4316
M_4012,2023-12-31,age_00_04,622,5.4942
M_4012,2023-06-30,age_00_04,609,5.5223
M_4012,2022-12-31,age_00_04,617,5.6337
M_4012,2022-06-30,age_00_04,633,5.8303
M_4012,2021-12-31,age_00_04,646,5.9386
M_4012,2021-06-30,age_00_04,618,5.7222
M_4013,2024-12-31,age_00_04,233,5.2067
M_4013,2024-06-30,age_00_04,242,5.3874
M_4013,2023-12-31,age_00_04,238,5.2772
M_4013,2023-06-30,age_00_04,229,5.1185
M_4013,2022-12-31,age_00_04,227,5.1381
M_4013,2022-06-30,age_00_04,231,5.1969
M_4013,2021-12-31,age_00_04,232,5.3053
M_4013,2021-06-30,age_00_04,237,5.4171
C_19,2024-12-31,age_05_09,38722,5.2645
C_19,2024-06-30,age_05_09,38511,5.2679
C_19,2023-12-31,age_05_09,38401,5.2804
C_19,2023-06-30,age_05_09,37954,5.2646
C_19,2022-12-31,age_05_09,37351,5.2377
C_19,2022-06-30,age_05_09,36982,5.2221
C_19,2021-12-31,age_05_09,36799,5.2332
C_19,2021-06-30,age_05_09,36383,5.2082
D_1901,2024-12-31,age_05_09,4447,5.2461
D_1901,2024-06-30,age_05_09,4392,5.2104
D_1901,2023-12-31,age_05_09,4397,5.2443
D_1901,2023-06-30,age_05_09,4385,5.2944
D_1901,2022-12-31,age_05_09,4278,5.2208
D_1901,2022-06-30,age_05_09,4210,5.166
D_1901,2021-12-31,age_05_09,4218,5.192
D_1901,2021-06-30,age_05_09,4140,5.1295
M_4001,2024-12-31,age_05_09,1070,4.7132
M_4001,2024-06-30,age_05_09,1064,4.7306
M_4001,2023-12-31,age_05_09,1053,4.7207
M_4001,2023-06-30,age_05_09,1069,4.8441
M_4001,2022-12-31,age_05_09,1047,4.7896
M_4001,2022-06-30,age_05_09,1022,4.7008
M_4001,2021-12-31,age_05_09,1022,4.6915
M_4001,2021-06-30,age_05_09,1016,4.6753
M_4002,2024-12-31,age_05_09,74,4.4713
M_4002,2024-06-30,age_05_09,77,4.6865
M_4002,2023-12-31,age_05_09,73,4.4404
M_4002,2023-06-30,age_05_09,71,4.3452
M_4002,2022-12-31,age_05_09,72,4.4199
M_4002,2022-06-30,age_05_09,70,4.3532
M_4002,2021-12-31,age_05_09,71,4.3963
M_4002,2021-06-30,age_05_09,71,4.4514
M_4003,2024-12-31,age_05_09,512,6.0434
M_4003,2024-06-30,age_05_09,502,5.9599
M_4003,2023-12-31,age_05_09,497,5.9103
M_4003,2023-06-30,age_05_09,505,5.9919
M_4003,2022-12-31,age_05_09,497,5.9743
M_4003,2022-06-30,age_05_09,502,6.0885
M_4003,2021-12-31,age_05_09,488,5.9094
M_4003,2021-06-30,age_05_09,466,5.7129
M_4004,2024-12-31,age_05_09,42,5.4616
M_4004,2024-06-30,age_05_09,40,5.2701
M_4004,2023-12-31,age_05_09,41,5.3178
M_4004,2023-06-30,age_05_09,40,5.2356
M_4004,2022-12-31,age_05_09,39,5.1931
M_4004,2022-06-30,age_05_09,38,5.1351
M_4004,2021-12-31,age_05_09,39,5.2279
M_4004,2021-06-30,age_05_09,39,5.1793
M_4005,2024-12-31,age_05_09,222,4.7804
M_4005,2024-06-30,age_05_09,219,4.7869
M_4005,2023-12-31,age_05_09,223,4.8839
M_4005,2023-06-30,age_05_09,228,5.0364
M_4005,2022-12-31,age_05_09,237,5.2807
M_4005,2022-06-30,age_05_09,243,5.4217
M_4005,2021-12-31,age_05_09,237,5.2961
M_4005,2021-06-30,age_05_09,232,5.2441
M_4006,2024-12-31,age_05_09,459,5.296
M_4006,2024-06-30,age_05_09,462,5.3177
M_4006,2023-12-31,age_05_09,481,5.5697
M_4006,2023-06-30,age_05_09,462,5.4092
M_4006,2022-12-31,age_05_09,435,5.1546
M_4006,2022-06-30,age_05_09,429,5.0667
M_4006,2021-12-31,age_05_09,419,4.9994
M_4006,2021-06-30,age_05_09,394,4.7914
M_4007,2024-12-31,age_05_09,88,4.9887
M_4007,2024-06-30,age_05_09,93,5.2632
M_4007,2023-12-31,age_05_09,91,5.1734
M_4007,2023-06-30,age_05_09,96,5.6272
M_4007,2022-12-31,age_05_09,92,5.447
M_4007,2022-06-30,age_05_09,89,5.4534
M_4007,2021-12-31,age_05_09,85,5.2404
M_4007,2021-06-30,age_05_09,85,5.2115
M_4008,2024-12-31,age_05_09,354,5.0535
M_4008,2024-06-30,age_05_09,356,5.126
M_4008,2023-12-31,age_05_09,346,5.0371
M_4008,2023-06-30,age_05_09,342,5.0817
M_4008,2022-12-31,age_05_09,315,4.7996
M_4008,2022-06-30,age_05_09,309,4.732
M_4008,2021-12-31,age_05_09,300,4.6627
M_4008,2021-06-30,age_05_09,299,4.6829
M_4009,2024-12-31,age_05_09,196,4.791
M_4009,2024-06-30,age_05_09,198,4.8187
M_4009,2023-12-31,age_05_09,205,4.9818
M_4009,2023-06-30,age_05_09,209,5.1314
M_4009,2022-12-31,age_05_09,214,5.2774
M_4009,2022-06-30,age_05_09,214,5.2879
M_4009,2021-12-31,age_05_09,224,5.5819
M_4009,2021-06-30,age_05_09,217,5.4034
M_4010,2024-12-31,age_05_09,499,5.5717
M_4010,2024-06-30,age_05_09,497,5.5425
M_4010,2023-12-31,age_05_09,512,5.729
M_4010,2023-06-30,age_05_09,493,5.5706
M_4010,2022-12-31,age_05_09,489,5.5701
M_4010,2022-06-30,age_05_09,465,5.3442
M_4010,2021-12-31,age_05_09,489,5.6453
M_4010,2021-06-30,age_05_09,475,5.5111
M_4012,2024-12-31,age_05_09,691,5.9739
M_4012,2024-06-30,age_05_09,659,5.764
M_4012,2023-12-31,age_05_09,647,5.715
M_4012,2023-06-30,age_05_09,649,5.885
M_4012,2022-12-31,age_05_09,632,5.7706
M_4012,2022-06-30,age_05_09,614,5.6553
M_4012,2021-12-31,age_05_09,627,5.7639
M_4012,2021-06-30,age_05_09,622,5.7593
M_4013,2024-12-31,age_05_09,240,5.3631
M_4013,2024-06-30,age_05_09,225,5.0089
M_4013,2023-12-31,age_05_09,228,5.0554
M_4013,2023-06-30,age_05_09,221,4.9397
M_4013,2022-12-31,age_05_09,209,4.7306
M_4013,2022-06-30,age_05_09,215,4.8369
M_4013,2021-12-31,age_05_09,217,4.9623
M_4013,2021-06-30,age_05_09,224,5.12
C_19,2024-12-31,age_10_14,38199,5.1934
C_19,2024-06-30,age_10_14,37786,5.1687
C_19,2023-12-31,age_10_14,37373,5.1391
C_19,2023-06-30,age_10_14,36977,5.129
C_19,2022-12-31,age_10_14,36503,5.1188
C_19,2022-06-30,age_10_14,36061,5.092
C_19,2021-12-31,age_10_14,35475,5.0449
C_19,2021-06-30,age_10_14,35108,5.0257
D_1901,2024-12-31,age_10_14,4391,5.1801
D_1901,2024-06-30,age_10_14,4358,5.1701
D_1901,2023-12-31,age_10_14,4309,5.1394
D_1901,2023-06-30,age_10_14,4270,5.1556
D_1901,2022-12-31,age_10_14,4192,5.1158
D_1901,2022-06-30,age_10_14,4144,5.085
D_1901,2021-12-31,age_10_14,4074,5.0147
D_1901,2021-06-30,age_10_14,3995,4.9499
M_4001,2024-12-31,age_10_14,991,4.3653
M_4001,2024-06-30,age_10_14,980,4.3571
M_4001,2023-12-31,age_10_14,963,4.3172
M_4001,2023-06-30,age_10_14,941,4.2641
M_4001,2022-12-31,age_10_14,918,4.1995
M_4001,2022-06-30,age_10_14,904,4.158
M_4001,2021-12-31,age_10_14,886,4.0672
M_4001,2021-06-30,age_10_14,872,4.0127
M_4002,2024-12-31,age_10_14,86,5.1964
M_4002,2024-06-30,age_10_14,83,5.0517
M_4002,2023-12-31,age_10_14,83,5.0487
M_4002,2023-06-30,age_10_14,87,5.3244
M_4002,2022-12-31,age_10_14,83,5.0952
M_4002,2022-06-30,age_10_14,78,4.8507
M_4002,2021-12-31,age_10_14,81,5.0155
M_4002,2021-06-30,age_10_14,85,5.3292
M_4003,2024-12-31,age_10_14,487,5.7483
M_4003,2024-06-30,age_10_14,487,5.7818
M_4003,2023-12-31,age_10_14,482,5.732
M_4003,2023-06-30,age_10_14,471,5.5885
M_4003,2022-12-31,age_10_14,462,5.5536
M_4003,2022-06-30,age_10_14,449,5.4457
M_4003,2021-12-31,age_10_14,452,5.4735
M_4003,2021-06-30,age_10_14,452,5.5413
M_4004,2024-12-31,age_10_14,37,4.8114
M_4004,2024-06-30,age_10_14,33,4.3478
M_4004,2023-12-31,age_10_14,37,4.799
M_4004,2023-06-30,age_10_14,33,4.3194
M_4004,2022-12-31,age_10_14,34,4.5273
M_4004,2022-06-30,age_10_14,34,4.5946
M_4004,2021-12-31,age_10_14,36,4.8257
M_4004,2021-06-30,age_10_14,33,4.3825
M_4005,2024-12-31,age_10_14,253,5.4479
M_4005,2024-06-30,age_10_14,264,5.7705
M_4005,2023-12-31,age_10_14,257,5.6286
M_4005,2023-06-30,age_10_14,251,5.5445
M_4005,2022-12-31,age_10_14,233,5.1916
M_4005,2022-06-30,age_10_14,218,4.8639
M_4005,2021-12-31,age_10_14,234,5.2291
M_4005,2021-06-30,age_10_14,222,5.0181
M_4006,2024-12-31,age_10_14,463,5.3421
M_4006,2024-06-30,age_10_14,446,5.1335
M_4006,2023-12-31,age_10_14,429,4.9676
M_4006,2023-06-30,age_10_14,431,5.0462
M_4006,2022-12-31,age_10_14,438,5.1902
M_4006,2022-06-30,age_10_14,441,5.2085
M_4006,2021-12-31,age_10_14,427,5.0949
M_4006,2021-06-30,age_10_14,403,4.9009
M_4007,2024-12-31,age_10_14,89,5.0454
M_4007,2024-06-30,age_10_14,93,5.2632
M_4007,2023-12-31,age_10_14,90,5.1165
M_4007,2023-06-30,age_10_14,87,5.0996
M_4007,2022-12-31,age_10_14,83,4.9142
M_4007,2022-06-30,age_10_14,93,5.6985
M_4007,2021-12-31,age_10_14,88,5.4254
M_4007,2021-06-30,age_10_14,86,5.2728
M_4008,2024-12-31,age_10_14,333,4.7537
M_4008,2024-06-30,age_10_14,330,4.7516
M_4008,2023-12-31,age_10_14,352,5.1245
M_4008,2023-06-30,age_10_14,365,5.4235
M_4008,2022-12-31,age_10_14,360,5.4853
M_4008,2022-06-30,age_10_14,356,5.4518
M_4008,2021-12-31,age_10_14,345,5.3621
M_4008,2021-06-30,age_10_14,327,5.1214
M_4009,2024-12-31,age_10_14,239,5.8421
M_4009,2024-06-30,age_10_14,239,5.8165
M_4009,2023-12-31,age_10_14,239,5.808
M_4009,2023-06-30,age_10_14,236,5.7943
M_4009,2022-12-31,age_10_14,235,5.7953
M_4009,2022-06-30,age_10_14,235,5.8068
M_4009,2021-12-31,age_10_14,233,5.8061
M_4009,2021-06-30,age_10_14,238,5.9263
M_4010,2024-12-31,age_10_14,519,5.795
M_4010,2024-06-30,age_10_14,509,5.6764
M_4010,2023-12-31,age_10_14,495,5.5388
M_4010,2023-06-30,age_10_14,489,5.5254
M_4010,2022-12-31,age_10_14,467,5.3195
M_4010,2022-06-30,age_10_14,465,5.3442
M_4010,2021-12-31,age_10_14,446,5.1489
M_4010,2021-06-30,age_10_14,442,5.1282
M_4012,2024-12-31,age_10_14,660,5.7059
M_4012,2024-06-30,age_10_14,654,5.7203
M_4012,2023-12-31,age_10_14,643,5.6797
M_4012,2023-06-30,age_10_14,629,5.7037
M_4012,2022-12-31,age_10_14,625,5.7067
M_4012,2022-06-30,age_10_14,618,5.6922
M_4012,2021-12-31,age_10_14,601,5.5249
M_4012,2021-06-30,age_10_14,594,5.5
M_4013,2024-12-31,age_10_14,234,5.2291
M_4013,2024-06-30,age_10_14,240,5.3428
M_4013,2023-12-31,age_10_14,239,5.2993
M_4013,2023-06-30,age_10_14,250,5.5878
M_4013,2022-12-31,age_10_14,254,5.7492
M_4013,2022-06-30,age_10_14,253,5.6918
M_4013,2021-12-31,age_10_14,245,5.6026
M_4013,2021-06-30,age_10_14,241,5.5086
C_19,2024-12-31,age_15_19,36625,4.9794
C_19,2024-06-30,age_15_19,36304,4.966
C_19,2023-12-31,age_15_19,36104,4.9646
C_19,2023-06-30,age_15_19,35494,4.9233
C_19,2022-12-31,age_15_19,34697,4.8655
C_19,2022-06-30,age_15_19,34453,4.865
C_19,2021-12-31,age_15_19,34117,4.8518
C_19,2021-06-30,age_15_19,33750,4.8313
D_1901,2024-12-31,age_15_19,4263,5.0291
D_1901,2024-06-30,age_15_19,4192,4.9731
D_1901,2023-12-31,age_15_19,4135,4.9318
D_1901,2023-06-30,age_15_19,4072,4.9165
D_1901,2022-12-31,age_15_19,3962,4.8351
D_1901,2022-06-30,age_15_19,3902,4.788
D_1901,2021-12-31,age_15_19,3817,4.6984
D_1901,2021-06-30,age_15_19,3759,4.6575
M_4001,2024-12-31,age_15_19,1015,4.471
M_4001,2024-06-30,age_15_19,972,4.3215
M_4001,2023-12-31,age_15_19,932,4.1782
M_4001,2023-06-30,age_15_19,912,4.1327
M_4001,2022-12-31,age_15_19,892,4.0805
M_4001,2022-06-30,age_15_19,874,4.0201
M_4001,2021-12-31,age_15_19,884,4.058
M_4001,2021-06-30,age_15_19,875,4.0265
M_4002,2024-12-31,age_15_19,71,4.29
M_4002,2024-06-30,age_15_19,71,4.3214
M_4002,2023-12-31,age_15_19,74,4.5012
M_4002,2023-06-30,age_15_19,69,4.2228
M_4002,2022-12-31,age_15_19,65,3.9902
M_4002,2022-06-30,age_15_19,67,4.1667
M_4002,2021-12-31,age_15_19,61,3.7771
M_4002,2021-06-30,age_15_19,54,3.3856
M_4003,2024-12-31,age_15_19,416,4.9103
M_4003,2024-06-30,age_15_19,405,4.8083
M_4003,2023-12-31,age_15_19,396,4.7092
M_4003,2023-06-30,age_15_19,403,4.7817
M_4003,2022-12-31,age_15_19,397,4.7722
M_4003,2022-06-30,age_15_19,373,4.524
M_4003,2021-12-31,age_15_19,365,4.42
M_4003,2021-06-30,age_15_19,347,4.254
M_4004,2024-12-31,age_15_19,24,3.1209
M_4004,2024-06-30,age_15_19,28,3.6891
M_4004,2023-12-31,age_15_19,25,3.2425
M_4004,2023-06-30,age_15_19,25,3.2723
M_4004,2022-12-31,age_15_19,28,3.7284
M_4004,2022-06-30,age_15_19,29,3.9189
M_4004,2021-12-31,age_15_19,25,3.3512
M_4004,2021-06-30,age_15_19,29,3.8513
M_4005,2024-12-31,age_15_19,238,5.1249
M_4005,2024-06-30,age_15_19,225,4.918
M_4005,2023-12-31,age_15_19,228,4.9934
M_4005,2023-06-30,age_15_19,235,5.1911
M_4005,2022-12-31,age_15_19,222,4.9465
M_4005,2022-06-30,age_15_19,215,4.797
M_4005,2021-12-31,age_15_19,199,4.4469
M_4005,2021-06-30,age_15_19,199,4.4982
M_4006,2024-12-31,age_15_19,445,5.1344
M_4006,2024-06-30,age_15_19,450,5.1796
M_4006,2023-12-31,age_15_19,431,4.9907
M_4006,2023-06-30,age_15_19,435,5.0931
M_4006,2022-12-31,age_15_19,421,4.9887
M_4006,2022-06-30,age_15_19,416,4.9132
M_4006,2021-12-31,age_15_19,400,4.7727
M_4006,2021-06-30,age_15_19,407,4.9495
M_4007,2024-12-31,age_15_19,89,5.0454
M_4007,2024-06-30,age_15_19,86,4.867
M_4007,2023-12-31,age_15_19,96,5.4576
M_4007,2023-06-30,age_15_19,97,5.6858
M_4007,2022-12-31,age_15_19,93,5.5062
M_4007,2022-06-30,age_15_19,83,5.0858
M_4007,2021-12-31,age_15_19,87,5.3637
M_4007,2021-06-30,age_15_19,80,4.905
M_4008,2024-12-31,age_15_19,376,5.3676
M_4008,2024-06-30,age_15_19,372,5.3564
M_4008,2023-12-31,age_15_19,374,5.4448
M_4008,2023-06-30,age_15_19,343,5.0966
M_4008,2022-12-31,age_15_19,341,5.1958
M_4008,2022-06-30,age_15_19,345,5.2833
M_4008,2021-12-31,age_15_19,327,5.0824
M_4008,2021-06-30,age_15_19,327,5.1214
M_4009,2024-12-31,age_15_19,221,5.4021
M_4009,2024-06-30,age_15_19,224,5.4514
M_4009,2023-12-31,age_15_19,219,5.322
M_4009,2023-06-30,age_15_19,207,5.0822
M_4009,2022-12-31,age_15_19,193,4.7596
M_4009,2022-06-30,age_15_19,196,4.8431
M_4009,2021-12-31,age_15_19,188,4.6848
M_4009,2021-06-30,age_15_19,181,4.507
M_4010,2024-12-31,age_15_19,465,5.1921
M_4010,2024-06-30,age_15_19,458,5.1076
M_4010,2023-12-31,age_15_19,458,5.1248
M_4010,2023-06-30,age_15_19,460,5.1977
M_4010,2022-12-31,age_15_19,471,5.3651
M_4010,2022-06-30,age_15_19,465,5.3442
M_4010,2021-12-31,age_15_19,469,5.4145
M_4010,2021-06-30,age_15_19,455,5.279
M_4012,2024-12-31,age_15_19,615,5.3168
M_4012,2024-06-30,age_15_19,598,5.2305
M_4012,2023-12-31,age_15_19,596,5.2646
M_4012,2023-06-30,age_15_19,581,5.2684
M_4012,2022-12-31,age_15_19,555,5.0676
M_4012,2022-06-30,age_15_19,552,5.0843
M_4012,2021-12-31,age_15_19,561,5.1572
M_4012,2021-06-30,age_15_19,565,5.2315
M_4013,2024-12-31,age_15_19,288,6.4358
M_4013,2024-06-30,age_15_19,303,6.7453
M_4013,2023-12-31,age_15_19,306,6.7849
M_4013,2023-06-30,age_15_19,305,6.8172
M_4013,2022-12-31,age_15_19,284,6.4282
M_4013,2022-06-30,age_15_19,287,6.4567
M_4013,2021-12-31,age_15_19,251,5.7398
M_4013,2021-06-30,age_15_19,240,5.4857
C_19,2024-12-31,age_20_24,36915,5.0188
C_19,2024-06-30,age_20_24,36690,5.0188
C_19,2023-12-31,age_20_24,36491,5.0178
C_19,2023-06-30,age_20_24,36399,5.0489
C_19,2022-12-31,age_20_24,36226,5.08
C_19,2022-06-30,age_20_24,36180,5.1088
C_19,2021-12-31,age_20_24,36472,5.1867
C_19,2021-06-30,age_20_24,36829,5.2721
D_1901,2024-12-31,age_20_24,4207,4.963
D_1901,2024-06-30,age_20_24,4216,5.0016
D_1901,2023-12-31,age_20_24,4168,4.9712
D_1901,2023-06-30,age_20_24,4034,4.8706
D_1901,2022-12-31,age_20_24,4061,4.9559
D_1901,2022-06-30,age_20_24,4065,4.988
D_1901,2021-12-31,age_20_24,4099,5.0455
D_1901,2021-06-30,age_20_24,4165,5.1605
M_4001,2024-12-31,age_20_24,1104,4.863
M_4001,2024-06-30,age_20_24,1111,4.9395
M_4001,2023-12-31,age_20_24,1098,4.9224
M_4001,2023-06-30,age_20_24,1084,4.9121
M_4001,2022-12-31,age_20_24,1096,5.0137
M_4001,2022-06-30,age_20_24,1073,4.9354
M_4001,2021-12-31,age_20_24,1069,4.9073
M_4001,2021-06-30,age_20_24,1069,4.9192
M_4002,2024-12-31,age_20_24,57,3.4441
M_4002,2024-06-30,age_20_24,53,3.2258
M_4002,2023-12-31,age_20_24,51,3.1022
M_4002,2023-06-30,age_20_24,51,3.1212
M_4002,2022-12-31,age_20_24,51,3.1308
M_4002,2022-06-30,age_20_24,45,2.7985
M_4002,2021-12-31,age_20_24,47,2.9102
M_4002,2021-06-30,age_20_24,49,3.0721
M_4003,2024-12-31,age_20_24,443,5.229
M_4003,2024-06-30,age_20_24,441,5.2357
M_4003,2023-12-31,age_20_24,417,4.959
M_4003,2023-06-30,age_20_24,398,4.7224
M_4003,2022-12-31,age_20_24,398,4.7842
M_4003,2022-06-30,age_20_24,411,4.9848
M_4003,2021-12-31,age_20_24,431,5.2192
M_4003,2021-06-30,age_20_24,433,5.3083
M_4004,2024-12-31,age_20_24,31,4.0312
M_4004,2024-06-30,age_20_24,30,3.9526
M_4004,2023-12-31,age_20_24,38,4.9287
M_4004,2023-06-30,age_20_24,36,4.712
M_4004,2022-12-31,age_20_24,37,4.9268
M_4004,2022-06-30,age_20_24,33,4.4595
M_4004,2021-12-31,age_20_24,29,3.8874
M_4004,2021-06-30,age_20_24,30,3.9841
M_4005,2024-12-31,age_20_24,226,4.8665
M_4005,2024-06-30,age_20_24,216,4.7213
M_4005,2023-12-31,age_20_24,218,4.7744
M_4005,2023-06-30,age_20_24,202,4.4621
M_4005,2022-12-31,age_20_24,202,4.5009
M_4005,2022-06-30,age_20_24,202,4.5069
M_4005,2021-12-31,age_20_24,199,4.4469
M_4005,2021-06-30,age_20_24,202,4.566
M_4006,2024-12-31,age_20_24,403,4.6498
M_4006,2024-06-30,age_20_24,429,4.9378
M_4006,2023-12-31,age_20_24,430,4.9792
M_4006,2023-06-30,age_20_24,410,4.8004
M_4006,2022-12-31,age_20_24,422,5.0006
M_4006,2022-06-30,age_20_24,434,5.1258
M_4006,2021-12-31,age_20_24,458,5.4647
M_4006,2021-06-30,age_20_24,466,5.667
M_4007,2024-12-31,age_20_24,100,5.6689
M_4007,2024-06-30,age_20_24,100,5.6593
M_4007,2023-12-31,age_20_24,91,5.1734
M_4007,2023-06-30,age_20_24,87,5.0996
M_4007,2022-12-31,age_20_24,86,5.0918
M_4007,2022-06-30,age_20_24,78,4.7794
M_4007,2021-12-31,age_20_24,74,4.5623
M_4007,2021-06-30,age_20_24,86,5.2728
M_4008,2024-12-31,age_20_24,311,4.4397
M_4008,2024-06-30,age_20_24,302,4.3485
M_4008,2023-12-31,age_20_24,278,4.0472
M_4008,2023-06-30,age_20_24,290,4.3091
M_4008,2022-12-31,age_20_24,273,4.1597
M_4008,2022-06-30,age_20_24,269,4.1194
M_4008,2021-12-31,age_20_24,277,4.3053
M_4008,2021-06-30,age_20_24,282,4.4166
M_4009,2024-12-31,age_20_24,158,3.8621
M_4009,2024-06-30,age_20_24,167,4.0642
M_4009,2023-12-31,age_20_24,173,4.2041
M_4009,2023-06-30,age_20_24,170,4.1738
M_4009,2022-12-31,age_20_24,175,4.3157
M_4009,2022-06-30,age_20_24,179,4.423
M_4009,2021-12-31,age_20_24,173,4.311
M_4009,2021-06-30,age_20_24,168,4.1833
M_4010,2024-12-31,age_20_24,481,5.3707
M_4010,2024-06-30,age_20_24,490,5.4645
M_4010,2023-12-31,age_20_24,476,5.3262
M_4010,2023-06-30,age_20_24,456,5.1525
M_4010,2022-12-31,age_20_24,466,5.3081
M_4010,2022-06-30,age_20_24,488,5.6086
M_4010,2021-12-31,age_20_24,498,5.7492
M_4010,2021-06-30,age_20_24,515,5.9752
M_4012,2024-12-31,age_20_24,655,5.6627
M_4012,2024-06-30,age_20_24,659,5.764
M_4012,2023-12-31,age_20_24,680,6.0065
M_4012,2023-06-30,age_20_24,626,5.6765
M_4012,2022-12-31,age_20_24,621,5.6702
M_4012,2022-06-30,age_20_24,622,5.729
M_4012,2021-12-31,age_20_24,619,5.6904
M_4012,2021-06-30,age_20_24,632,5.8519
M_4013,2024-12-31,age_20_24,238,5.3184
M_4013,2024-06-30,age_20_24,218,4.8531
M_4013,2023-12-31,age_20_24,218,4.8337
M_4013,2023-06-30,age_20_24,224,5.0067
M_4013,2022-12-31,age_20_24,234,5.2965
M_4013,2022-06-30,age_20_24,231,5.1969
M_4013,2021-12-31,age_20_24,225,5.1452
M_4013,2021-06-30,age_20_24,233,5.3257
C_19,2024-12-31,age_25_29,43923,5.9716
C_19,2024-06-30,age_25_29,43898,6.0047
C_19,2023-12-31,age_25_29,43751,6.0161
C_19,2023-06-30,age_25_29,43451,6.0271
C_19,2022-12-31,age_25_29,43376,6.0826
C_19,2022-06-30,age_25_29,43291,6.1129
C_19,2021-12-31,age_25_29,43440,6.1776
C_19,2021-06-30,age_25_29,43513,6.2289
D_1901,2024-12-31,age_25_29,5404,6.3751
D_1901,2024-06-30,age_25_29,5419,6.4288
D_1901,2023-12-31,age_25_29,5420,6.4645
D_1901,2023-06-30,age_25_29,5373,6.4873
D_1901,2022-12-31,age_25_29,5343,6.5205
D_1901,2022-06-30,age_25_29,5419,6.6495
D_1901,2021-12-31,age_25_29,5549,6.8303
D_1901,2021-06-30,age_25_29,5559,6.8877
M_4001,2024-12-31,age_25_29,1877,8.268
M_4001,2024-06-30,age_25_29,1848,8.2163
M_4001,2023-12-31,age_25_29,1859,8.3341
M_4001,2023-06-30,age_25_29,1838,8.3288
M_4001,2022-12-31,age_25_29,1821,8.3303
M_4001,2022-06-30,age_25_29,1845,8.4863
M_4001,2021-12-31,age_25_29,1912,8.7771
M_4001,2021-06-30,age_25_29,1934,8.8997
M_4002,2024-12-31,age_25_29,40,2.4169
M_4002,2024-06-30,age_25_29,36,2.1911
M_4002,2023-12-31,age_25_29,36,2.1898
M_4002,2023-06-30,age_25_29,43,2.6316
M_4002,2022-12-31,age_25_29,44,2.701
M_4002,2022-06-30,age_25_29,43,2.6741
M_4002,2021-12-31,age_25_29,47,2.9102
M_4002,2021-06-30,age_25_29,43,2.6959
M_4003,2024-12-31,age_25_29,528,6.2323
M_4003,2024-06-30,age_25_29,526,6.2448
M_4003,2023-12-31,age_25_29,535,6.3622
M_4003,2023-06-30,age_25_29,549,6.514
M_4003,2022-12-31,age_25_29,540,6.4912
M_4003,2022-06-30,age_25_29,557,6.7556
M_4003,2021-12-31,age_25_29,572,6.9266
M_4003,2021-06-30,age_25_29,561,6.8775
M_4004,2024-12-31,age_25_29,37,4.8114
M_4004,2024-06-30,age_25_29,35,4.6113
M_4004,2023-12-31,age_25_29,33,4.2802
M_4004,2023-06-30,age_25_29,35,4.5812
M_4004,2022-12-31,age_25_29,26,3.4621
M_4004,2022-06-30,age_25_29,30,4.0541
M_4004,2021-12-31,age_25_29,35,4.6917
M_4004,2021-06-30,age_25_29,41,5.4449
M_4005,2024-12-31,age_25_29,217,4.6727
M_4005,2024-06-30,age_25_29,219,4.7869
M_4005,2023-12-31,age_25_29,214,4.6868
M_4005,2023-06-30,age_25_29,203,4.4842
M_4005,2022-12-31,age_25_29,199,4.434
M_4005,2022-06-30,age_25_29,205,4.5739
M_4005,2021-12-31,age_25_29,224,5.0056
M_4005,2021-06-30,age_25_29,220,4.9729
M_4006,2024-12-31,age_25_29,498,5.7459
M_4006,2024-06-30,age_25_29,502,5.7781
M_4006,2023-12-31,age_25_29,492,5.6971
M_4006,2023-06-30,age_25_29,496,5.8073
M_4006,2022-12-31,age_25_29,500,5.9249
M_4006,2022-06-30,age_25_29,523,6.1769
M_4006,2021-12-31,age_25_29,529,6.3119
M_4006,2021-06-30,age_25_29,533,6.4818
M_4007,2024-12-31,age_25_29,105,5.9524
M_4007,2024-06-30,age_25_29,116,6.5648
M_4007,2023-12-31,age_25_29,118,6.7084
M_4007,2023-06-30,age_25_29,93,5.4513
M_4007,2022-12-31,age_25_29,95,5.6246
M_4007,2022-06-30,age_25_29,94,5.7598
M_4007,2021-12-31,age_25_29,93,5.7337
M_4007,2021-06-30,age_25_29,90,5.5181
M_4008,2024-12-31,age_25_29,343,4.8965
M_4008,2024-06-30,age_25_29,342,4.9244
M_4008,2023-12-31,age_25_29,338,4.9207
M_4008,2023-06-30,age_25_29,326,4.844
M_4008,2022-12-31,age_25_29,308,4.693
M_4008,2022-06-30,age_25_29,316,4.8392
M_4008,2021-12-31,age_25_29,289,4.4918
M_4008,2021-06-30,age_25_29,271,4.2443
M_4009,2024-12-31,age_25_29,162,3.9599
M_4009,2024-06-30,age_25_29,164,3.9912
M_4009,2023-12-31,age_25_29,171,4.1555
M_4009,2023-06-30,age_25_29,178,4.3702
M_4009,2022-12-31,age_25_29,175,4.3157
M_4009,2022-06-30,age_25_29,174,4.2995
M_4009,2021-12-31,age_25_29,179,4.4605
M_4009,2021-06-30,age_25_29,199,4.9552
M_4010,2024-12-31,age_25_29,565,6.3086
M_4010,2024-06-30,age_25_29,581,6.4793
M_4010,2023-12-31,age_25_29,586,6.557
M_4010,2023-06-30,age_25_29,611,6.904
M_4010,2022-12-31,age_25_29,593,6.7548
M_4010,2022-06-30,age_25_29,580,6.6659
M_4010,2021-12-31,age_25_29,592,6.8344
M_4010,2021-06-30,age_25_29,593,6.8801
M_4012,2024-12-31,age_25_29,778,6.726
M_4012,2024-06-30,age_25_29,800,6.9973
M_4012,2023-12-31,age_25_29,783,6.9164
M_4012,2023-06-30,age_25_29,750,6.8009
M_4012,2022-12-31,age_25_29,785,7.1676
M_4012,2022-06-30,age_25_29,782,7.2027
M_4012,2021-12-31,age_25_29,806,7.4095
M_4012,2021-06-30,age_25_29,803,7.4352
M_4013,2024-12-31,age_25_29,254,5.676
M_4013,2024-06-30,age_25_29,250,5.5654
M_4013,2023-12-31,age_25_29,255,5.6541
M_4013,2023-06-30,age_25_29,251,5.6102
M_4013,2022-12-31,age_25_29,257,5.8171
M_4013,2022-06-30,age_25_29,270,6.0742
M_4013,2021-12-31,age_25_29,271,6.1971
M_4013,2021-06-30,age_25_29,271,6.1943
C_19,2024-12-31,age_30_34,51104,6.9479
C_19,2024-06-30,age_30_34,51096,6.9894
C_19,2023-12-31,age_30_34,51033,7.0174
C_19,2023-06-30,age_30_34,50754,7.04
C_19,2022-12-31,age_30_34,50116,7.0277
C_19,2022-06-30,age_30_34,49691,7.0166
C_19,2021-12-31,age_30_34,49131,6.9869
C_19,2021-06-30,age_30_34,48692,6.9702
D_1901,2024-12-31,age_30_34,6352,7.4935
D_1901,2024-06-30,age_30_34,6346,7.5285
D_1901,2023-12-31,age_30_34,6381,7.6107
D_1901,2023-06-30,age_30_34,6252,7.5486
D_1901,2022-12-31,age_30_34,6234,7.6078
D_1901,2022-06-30,age_30_34,6213,7.6238
D_1901,2021-12-31,age_30_34,6205,7.6378
D_1901,2021-06-30,age_30_34,6174,7.6497
M_4001,2024-12-31,age_30_34,2216,9.7613
M_4001,2024-06-30,age_30_34,2219,9.8657
M_4001,2023-12-31,age_30_34,2220,9.9525
M_4001,2023-06-30,age_30_34,2164,9.8061
M_4001,2022-12-31,age_30_34,2111,9.6569
M_4001,2022-06-30,age_30_34,2125,9.7742
M_4001,2021-12-31,age_30_34,2142,9.8329
M_4001,2021-06-30,age_30_34,2142,9.8569
M_4002,2024-12-31,age_30_34,66,3.9879
M_4002,2024-06-30,age_30_34,59,3.591
M_4002,2023-12-31,age_30_34,58,3.528
M_4002,2023-06-30,age_30_34,60,3.672
M_4002,2022-12-31,age_30_34,64,3.9288
M_4002,2022-06-30,age_30_34,70,4.3532
M_4002,2021-12-31,age_30_34,74,4.582
M_4002,2021-06-30,age_30_34,71,4.4514
M_4003,2024-12-31,age_30_34,626,7.389
M_4003,2024-06-30,age_30_34,640,7.5982
M_4003,2023-12-31,age_30_34,647,7.6941
M_4003,2023-06-30,age_30_34,668,7.926
M_4003,2022-12-31,age_30_34,678,8.15
M_4003,2022-06-30,age_30_34,667,8.0898
M_4003,2021-12-31,age_30_34,682,8.2587
M_4003,2021-06-30,age_30_34,701,8.5938
M_4004,2024-12-31,age_30_34,37,4.8114
M_4004,2024-06-30,age_30_34,39,5.1383
M_4004,2023-12-31,age_30_34,38,4.9287
M_4004,2023-06-30,age_30_34,43,5.6283
M_4004,2022-12-31,age_30_34,46,6.1252
M_4004,2022-06-30,age_30_34,53,7.1622
M_4004,2021-12-31,age_30_34,51,6.8365
M_4004,2021-06-30,age_30_34,51,6.7729
M_4005,2024-12-31,age_30_34,267,5.7494
M_4005,2024-06-30,age_30_34,248,5.4208
M_4005,2023-12-31,age_30_34,265,5.8038
M_4005,2023-06-30,age_30_34,264,5.8317
M_4005,2022-12-31,age_30_34,280,6.2389
M_4005,2022-06-30,age_30_34,287,6.4034
M_4005,2021-12-31,age_30_34,259,5.7877
M_4005,2021-06-30,age_30_34,251,5.6736
M_4006,2024-12-31,age_30_34,572,6.5997
M_4006,2024-06-30,age_30_34,593,6.8255
M_4006,2023-12-31,age_30_34,625,7.2371
M_4006,2023-06-30,age_30_34,611,7.1537
M_4006,2022-12-31,age_30_34,594,7.0387
M_4006,2022-06-30,age_30_34,608,7.1808
M_4006,2021-12-31,age_30_34,577,6.8846
M_4006,2021-06-30,age_30_34,542,6.5913
M_4007,2024-12-31,age_30_34,111,6.2925
M_4007,2024-06-30,age_30_34,105,5.9423
M_4007,2023-12-31,age_30_34,103,5.8556
M_4007,2023-06-30,age_30_34,99,5.803
M_4007,2022-12-31,age_30_34,104,6.1575
M_4007,2022-06-30,age_30_34,91,5.576
M_4007,2021-12-31,age_30_34,95,5.857
M_4007,2021-06-30,age_30_34,89,5.4568
M_4008,2024-12-31,age_30_34,403,5.753
M_4008,2024-06-30,age_30_34,404,5.8171
M_4008,2023-12-31,age_30_34,388,5.6486
M_4008,2023-06-30,age_30_34,370,5.4978
M_4008,2022-12-31,age_30_34,365,5.5615
M_4008,2022-06-30,age_30_34,356,5.4518
M_4008,2021-12-31,age_30_34,365,5.673
M_4008,2021-06-30,age_30_34,376,5.8888
M_4009,2024-12-31,age_30_34,235,5.7443
M_4009,2024-06-30,age_30_34,227,5.5245
M_4009,2023-12-31,age_30_34,227,5.5164
M_4009,2023-06-30,age_30_34,225,5.5242
M_4009,2022-12-31,age_30_34,224,5.524
M_4009,2022-06-30,age_30_34,219,5.4114
M_4009,2021-12-31,age_30_34,223,5.5569
M_4009,2021-06-30,age_30_34,231,5.752
M_4010,2024-12-31,age_30_34,639,7.1349
M_4010,2024-06-30,age_30_34,639,7.1261
M_4010,2023-12-31,age_30_34,633,7.0829
M_4010,2023-06-30,age_30_34,632,7.1412
M_4010,2022-12-31,age_30_34,637,7.256
M_4010,2022-06-30,age_30_34,626,7.1946
M_4010,2021-12-31,age_30_34,609,7.0307
M_4010,2021-06-30,age_30_34,609,7.0658
M_4012,2024-12-31,age_30_34,892,7.7116
M_4012,2024-06-30,age_30_34,867,7.5833
M_4012,2023-12-31,age_30_34,862,7.6142
M_4012,2023-06-30,age_30_34,825,7.481
M_4012,2022-12-31,age_30_34,837,7.6424
M_4012,2022-06-30,age_30_34,816,7.5159
M_4012,2021-12-31,age_30_34,821,7.5473
M_4012,2021-06-30,age_30_34,800,7.4074
M_4013,2024-12-31,age_30_34,288,6.4358
M_4013,2024-06-30,age_30_34,306,6.8121
M_4013,2023-12-31,age_30_34,315,6.9845
M_4013,2023-06-30,age_30_34,291,6.5042
M_4013,2022-12-31,age_30_34,294,6.6546
M_4013,2022-06-30,age_30_34,295,6.6367
M_4013,2021-12-31,age_30_34,307,7.0204
M_4013,2021-06-30,age_30_34,311,7.1086
C_19,2024-12-31,age_35_39,53977,7.3385
C_19,2024-06-30,age_35_39,53641,7.3375
C_19,2023-12-31,age_35_39,53401,7.343
C_19,2023-06-30,age_35_39,52622,7.2992
C_19,2022-12-31,age_35_39,51960,7.2863
C_19,2022-06-30,age_35_39,51623,7.2895
C_19,2021-12-31,age_35_39,51257,7.2893
C_19,2021-06-30,age_35_39,50930,7.2906
D_1901,2024-12-31,age_35_39,6453,7.6126
D_1901,2024-06-30,age_35_39,6421,7.6175
D_1901,2023-12-31,age_35_39,6372,7.5999
D_1901,2023-06-30,age_35_39,6242,7.5366
D_1901,2022-12-31,age_35_39,6169,7.5285
D_1901,2022-06-30,age_35_39,6184,7.5882
D_1901,2021-12-31,age_35_39,6191,7.6205
D_1901,2021-06-30,age_35_39,6158,7.6299
M_4001,2024-12-31,age_35_39,1968,8.6688
M_4001,2024-06-30,age_35_39,1960,8.7142
M_4001,2023-12-31,age_35_39,1924,8.6255
M_4001,2023-06-30,age_35_39,1898,8.6007
M_4001,2022-12-31,age_35_39,1888,8.6368
M_4001,2022-06-30,age_35_39,1887,8.6795
M_4001,2021-12-31,age_35_39,1892,8.6853
M_4001,2021-06-30,age_35_39,1868,8.596
M_4002,2024-12-31,age_35_39,90,5.4381
M_4002,2024-06-30,age_35_39,101,6.1473
M_4002,2023-12-31,age_35_39,105,6.3869
M_4002,2023-06-30,age_35_39,99,6.0588
M_4002,2022-12-31,age_35_39,104,6.3843
M_4002,2022-06-30,age_35_39,102,6.3433
M_4002,2021-12-31,age_35_39,108,6.6873
M_4002,2021-06-30,age_35_39,104,6.5204
M_4003,2024-12-31,age_35_39,686,8.0973
M_4003,2024-06-30,age_35_39,685,8.1325
M_4003,2023-12-31,age_35_39,688,8.1817
M_4003,2023-06-30,age_35_39,699,8.2938
M_4003,2022-12-31,age_35_39,681,8.1861
M_4003,2022-06-30,age_35_39,712,8.6355
M_4003,2021-12-31,age_35_39,725,8.7794
M_4003,2021-06-30,age_35_39,725,8.8881
M_4004,2024-12-31,age_35_39,58,7.5423
M_4004,2024-06-30,age_35_39,53,6.9829
M_4004,2023-12-31,age_35_39,56,7.2633
M_4004,2023-06-30,age_35_39,51,6.6754
M_4004,2022-12-31,age_35_39,58,7.723
M_4004,2022-06-30,age_35_39,51,6.8919
M_4004,2021-12-31,age_35_39,54,7.2386
M_4004,2021-06-30,age_35_39,56,7.4369
M_4005,2024-12-31,age_35_39,303,6.5245
M_4005,2024-06-30,age_35_39,300,6.5574
M_4005,2023-12-31,age_35_39,303,6.636
M_4005,2023-06-30,age_35_39,302,6.6711
M_4005,2022-12-31,age_35_39,294,6.5508
M_4005,2022-06-30,age_35_39,306,6.8273
M_4005,2021-12-31,age_35_39,309,6.905
M_4005,2021-06-30,age_35_39,327,7.3915
M_4006,2024-12-31,age_35_39,627,7.2343
M_4006,2024-06-30,age_35_39,612,7.0442
M_4006,2023-12-31,age_35_39,618,7.1561
M_4006,2023-06-30,age_35_39,605,7.0835
M_4006,2022-12-31,age_35_39,618,7.3231
M_4006,2022-06-30,age_35_39,593,7.0037
M_4006,2021-12-31,age_35_39,589,7.0278
M_4006,2021-06-30,age_35_39,552,6.7129
M_4007,2024-12-31,age_35_39,110,6.2358
M_4007,2024-06-30,age_35_39,109,6.1686
M_4007,2023-12-31,age_35_39,115,6.5378
M_4007,2023-06-30,age_35_39,113,6.6237
M_4007,2022-12-31,age_35_39,114,6.7496
M_4007,2022-06-30,age_35_39,114,6.9853
M_4007,2021-12-31,age_35_39,111,6.8434
M_4007,2021-06-30,age_35_39,123,7.5414
M_4008,2024-12-31,age_35_39,499,7.1235
M_4008,2024-06-30,age_35_39,504,7.257
M_4008,2023-12-31,age_35_39,511,7.4392
M_4008,2023-06-30,age_35_39,484,7.1917
M_4008,2022-12-31,age_35_39,458,6.9785
M_4008,2022-06-30,age_35_39,467,7.1516
M_4008,2021-12-31,age_35_39,454,7.0563
M_4008,2021-06-30,age_35_39,451,7.0634
M_4009,2024-12-31,age_35_39,248,6.0621
M_4009,2024-06-30,age_35_39,254,6.1816
M_4009,2023-12-31,age_35_39,239,5.808
M_4009,2023-06-30,age_35_39,242,5.9416
M_4009,2022-12-31,age_35_39,257,6.3379
M_4009,2022-06-30,age_35_39,266,6.5728
M_4009,2021-12-31,age_35_39,264,6.5786
M_4009,2021-06-30,age_35_39,263,6.5488
M_4010,2024-12-31,age_35_39,663,7.4029
M_4010,2024-06-30,age_35_39,664,7.4049
M_4010,2023-12-31,age_35_39,663,7.4186
M_4010,2023-06-30,age_35_39,631,7.1299
M_4010,2022-12-31,age_35_39,606,6.9028
M_4010,2022-06-30,age_35_39,611,7.0222
M_4010,2021-12-31,age_35_39,603,6.9614
M_4010,2021-06-30,age_35_39,607,7.0426
M_4012,2024-12-31,age_35_39,890,7.6943
M_4012,2024-06-30,age_35_39,856,7.4871
M_4012,2023-12-31,age_35_39,833,7.358
M_4012,2023-06-30,age_35_39,802,7.2724
M_4012,2022-12-31,age_35_39,782,7.1402
M_4012,2022-06-30,age_35_39,760,7.0001
M_4012,2021-12-31,age_35_39,784,7.2072
M_4012,2021-06-30,age_35_39,783,7.25
M_4013,2024-12-31,age_35_39,311,6.9497
M_4013,2024-06-30,age_35_39,323,7.1906
M_4013,2023-12-31,age_35_39,317,7.0288
M_4013,2023-06-30,age_35_39,316,7.063
M_4013,2022-12-31,age_35_39,309,6.9941
M_4013,2022-06-30,age_35_39,315,7.0866
M_4013,2021-12-31,age_35_39,298,6.8145
M_4013,2021-06-30,age_35_39,299,6.8343
C_19,2024-12-31,age_40_44,54451,7.4029
C_19,2024-06-30,age_40_44,53728,7.3494
C_19,2023-12-31,age_40_44,53250,7.3223
C_19,2023-06-30,age_40_44,52274,7.2509
C_19,2022-12-31,age_40_44,51321,7.1967
C_19,2022-06-30,age_40_44,50271,7.0985
C_19,2021-12-31,age_40_44,49488,7.0377
C_19,2021-06-30,age_40_44,48494,6.9419
D_1901,2024-12-31,age_40_44,6306,7.4392
D_1901,2024-06-30,age_40_44,6239,7.4016
D_1901,2023-12-31,age_40_44,6176,7.3661
D_1901,2023-06-30,age_40_44,6090,7.353
D_1901,2022-12-31,age_40_44,5990,7.31
D_1901,2022-06-30,age_40_44,5894,7.2323
D_1901,2021-12-31,age_40_44,5832,7.1786
D_1901,2021-06-30,age_40_44,5726,7.0946
M_4001,2024-12-31,age_40_44,1698,7.4795
M_4001,2024-06-30,age_40_44,1662,7.3893
M_4001,2023-12-31,age_40_44,1625,7.285
M_4001,2023-06-30,age_40_44,1623,7.3545
M_4001,2022-12-31,age_40_44,1620,7.4108
M_4001,2022-06-30,age_40_44,1604,7.3778
M_4001,2021-12-31,age_40_44,1593,7.3127
M_4001,2021-06-30,age_40_44,1598,7.3536
M_4002,2024-12-31,age_40_44,120,7.2508
M_4002,2024-06-30,age_40_44,118,7.182
M_4002,2023-12-31,age_40_44,123,7.4818
M_4002,2023-06-30,age_40_44,118,7.2215
M_4002,2022-12-31,age_40_44,114,6.9982
M_4002,2022-06-30,age_40_44,108,6.7164
M_4002,2021-12-31,age_40_44,106,6.5635
M_4002,2021-06-30,age_40_44,111,6.9592
M_4003,2024-12-31,age_40_44,697,8.2271
M_4003,2024-06-30,age_40_44,683,8.1087
M_4003,2023-12-31,age_40_44,703,8.3601
M_4003,2023-06-30,age_40_44,709,8.4124
M_4003,2022-12-31,age_40_44,723,8.6909
M_4003,2022-06-30,age_40_44,698,8.4657
M_4003,2021-12-31,age_40_44,679,8.2223
M_4003,2021-06-30,age_40_44,644,7.8951
M_4004,2024-12-31,age_40_44,51,6.632
M_4004,2024-06-30,age_40_44,52,6.8511
M_4004,2023-12-31,age_40_44,53,6.8742
M_4004,2023-06-30,age_40_44,55,7.199
M_4004,2022-12-31,age_40_44,49,6.5246
M_4004,2022-06-30,age_40_44,42,5.6757
M_4004,2021-12-31,age_40_44,43,5.7641
M_4004,2021-06-30,age_40_44,46,6.1089
M_4005,2024-12-31,age_40_44,361,7.7735
M_4005,2024-06-30,age_40_44,353,7.7158
M_4005,2023-12-31,age_40_44,341,7.4682
M_4005,2023-06-30,age_40_44,345,7.6209
M_4005,2022-12-31,age_40_44,330,7.3529
M_4005,2022-06-30,age_40_44,326,7.2735
M_4005,2021-12-31,age_40_44,326,7.2849
M_4005,2021-06-30,age_40_44,307,6.9394
M_4006,2024-12-31,age_40_44,637,7.3497
M_4006,2024-06-30,age_40_44,645,7.424
M_4006,2023-12-31,age_40_44,631,7.3066
M_4006,2023-06-30,age_40_44,612,7.1654
M_4006,2022-12-31,age_40_44,580,6.8729
M_4006,2022-06-30,age_40_44,574,6.7793
M_4006,2021-12-31,age_40_44,557,6.646
M_4006,2021-06-30,age_40_44,553,6.725
M_4007,2024-12-31,age_40_44,138,7.8231
M_4007,2024-06-30,age_40_44,132,7.4703
M_4007,2023-12-31,age_40_44,128,7.2769
M_4007,2023-06-30,age_40_44,121,7.0926
M_4007,2022-12-31,age_40_44,116,6.868
M_4007,2022-06-30,age_40_44,111,6.8015
M_4007,2021-12-31,age_40_44,109,6.7201
M_4007,2021-06-30,age_40_44,102,6.2538
M_4008,2024-12-31,age_40_44,522,7.4518
M_4008,2024-06-30,age_40_44,519,7.473
M_4008,2023-12-31,age_40_44,510,7.4247
M_4008,2023-06-30,age_40_44,486,7.2214
M_4008,2022-12-31,age_40_44,473,7.2071
M_4008,2022-06-30,age_40_44,461,7.0597
M_4008,2021-12-31,age_40_44,465,7.2272
M_4008,2021-06-30,age_40_44,464,7.267
M_4009,2024-12-31,age_40_44,290,7.0887
M_4009,2024-06-30,age_40_44,298,7.2524
M_4009,2023-12-31,age_40_44,313,7.6063
M_4009,2023-06-30,age_40_44,309,7.5865
M_4009,2022-12-31,age_40_44,309,7.6202
M_4009,2022-06-30,age_40_44,308,7.6106
M_4009,2021-12-31,age_40_44,307,7.6501
M_4009,2021-06-30,age_40_44,307,7.6444
M_4010,2024-12-31,age_40_44,650,7.2577
M_4010,2024-06-30,age_40_44,642,7.1596
M_4010,2023-12-31,age_40_44,627,7.0158
M_4010,2023-06-30,age_40_44,615,6.9492
M_4010,2022-12-31,age_40_44,618,7.0395
M_4010,2022-06-30,age_40_44,595,6.8383
M_4010,2021-12-31,age_40_44,594,6.8575
M_4010,2021-06-30,age_40_44,576,6.6829
M_4012,2024-12-31,age_40_44,821,7.0978
M_4012,2024-06-30,age_40_44,822,7.1897
M_4012,2023-12-31,age_40_44,804,7.1018
M_4012,2023-06-30,age_40_44,790,7.1636
M_4012,2022-12-31,age_40_44,767,7.0033
M_4012,2022-06-30,age_40_44,769,7.083
M_4012,2021-12-31,age_40_44,750,6.8946
M_4012,2021-06-30,age_40_44,731,6.7685
M_4013,2024-12-31,age_40_44,321,7.1732
M_4013,2024-06-30,age_40_44,313,6.9679
M_4013,2023-12-31,age_40_44,318,7.051
M_4013,2023-06-30,age_40_44,307,6.8619
M_4013,2022-12-31,age_40_44,291,6.5867
M_4013,2022-06-30,age_40_44,298,6.7042
M_4013,2021-12-31,age_40_44,303,6.9289
M_4013,2021-06-30,age_40_44,287,6.56
C_19,2024-12-31,age_45_49,49523,6.7329
C_19,2024-06-30,age_45_49,48979,6.6998
C_19,2023-12-31,age_45_49,48571,6.6789
C_19,2023-06-30,age_45_49,48006,6.6589
C_19,2022-12-31,age_45_49,47532,6.6654
C_19,2022-06-30,age_45_49,47268,6.6745
C_19,2021-12-31,age_45_49,47328,6.7305
C_19,2021-06-30,age_45_49,47434,6.7902
D_1901,2024-12-31,age_45_49,5724,6.7526
D_1901,2024-06-30,age_45_49,5662,6.717
D_1901,2023-12-31,age_45_49,5628,6.7125
D_1901,2023-06-30,age_45_49,5530,6.6769
D_1901,2022-12-31,age_45_49,5437,6.6352
D_1901,2022-06-30,age_45_49,5359,6.5759
D_1901,2021-12-31,age_45_49,5335,6.5669
D_1901,2021-06-30,age_45_49,5290,6.5544
M_4001,2024-12-31,age_45_49,1543,6.7968
M_4001,2024-06-30,age_45_49,1519,6.7535
M_4001,2023-12-31,age_45_49,1511,6.774
M_4001,2023-06-30,age_45_49,1455,6.5933
M_4001,2022-12-31,age_45_49,1436,6.5691
M_4001,2022-06-30,age_45_49,1404,6.4578
M_4001,2021-12-31,age_45_49,1375,6.312
M_4001,2021-06-30,age_45_49,1349,6.2077
M_4002,2024-12-31,age_45_49,116,7.0091
M_4002,2024-06-30,age_45_49,114,6.9385
M_4002,2023-12-31,age_45_49,114,6.9343
M_4002,2023-06-30,age_45_49,121,7.4051
M_4002,2022-12-31,age_45_49,121,7.4279
M_4002,2022-06-30,age_45_49,126,7.8358
M_4002,2021-12-31,age_45_49,128,7.9257
M_4002,2021-06-30,age_45_49,129,8.0878
M_4003,2024-12-31,age_45_49,668,7.8848
M_4003,2024-06-30,age_45_49,661,7.8476
M_4003,2023-12-31,age_45_49,646,7.6822
M_4003,2023-06-30,age_45_49,625,7.4158
M_4003,2022-12-31,age_45_49,587,7.0561
M_4003,2022-06-30,age_45_49,554,6.7192
M_4003,2021-12-31,age_45_49,540,6.5391
M_4003,2021-06-30,age_45_49,526,6.4484
M_4004,2024-12-31,age_45_49,53,6.8921
M_4004,2024-06-30,age_45_49,53,6.9829
M_4004,2023-12-31,age_45_49,56,7.2633
M_4004,2023-06-30,age_45_49,50,6.5445
M_4004,2022-12-31,age_45_49,54,7.1904
M_4004,2022-06-30,age_45_49,51,6.8919
M_4004,2021-12-31,age_45_49,49,6.5684
M_4004,2021-06-30,age_45_49,49,6.5073
M_4005,2024-12-31,age_45_49,319,6.8691
M_4005,2024-06-30,age_45_49,313,6.8415
M_4005,2023-12-31,age_45_49,313,6.855
M_4005,2023-06-30,age_45_49,308,6.8036
M_4005,2022-12-31,age_45_49,305,6.7959
M_4005,2022-06-30,age_45_49,287,6.4034
M_4005,2021-12-31,age_45_49,286,6.3911
M_4005,2021-06-30,age_45_49,291,6.5778
M_4006,2024-12-31,age_45_49,549,6.3344
M_4006,2024-06-30,age_45_49,547,6.296
M_4006,2023-12-31,age_45_49,553,6.4034
M_4006,2023-06-30,age_45_49,547,6.4044
M_4006,2022-12-31,age_45_49,534,6.3278
M_4006,2022-06-30,age_45_49,553,6.5312
M_4006,2021-12-31,age_45_49,550,6.5625
M_4006,2021-06-30,age_45_49,537,6.5305
M_4007,2024-12-31,age_45_49,109,6.1791
M_4007,2024-06-30,age_45_49,115,6.5082
M_4007,2023-12-31,age_45_49,109,6.1967
M_4007,2023-06-30,age_45_49,110,6.4478
M_4007,2022-12-31,age_45_49,110,6.5127
M_4007,2022-06-30,age_45_49,115,7.0466
M_4007,2021-12-31,age_45_49,123,7.5832
M_4007,2021-06-30,age_45_49,128,7.8479
M_4008,2024-12-31,age_45_49,469,6.6952
M_4008,2024-06-30,age_45_49,470,6.7675
M_4008,2023-12-31,age_45_49,463,6.7404
M_4008,2023-06-30,age_45_49,454,6.7459
M_4008,2022-12-31,age_45_49,451,6.8719
M_4008,2022-06-30,age_45_49,454,6.9525
M_4008,2021-12-31,age_45_49,439,6.8231
M_4008,2021-06-30,age_45_49,426,6.6719
M_4009,2024-12-31,age_45_49,310,7.5776
M_4009,2024-06-30,age_45_49,309,7.5201
M_4009,2023-12-31,age_45_49,308,7.4848
M_4009,2023-06-30,age_45_49,300,7.3656
M_4009,2022-12-31,age_45_49,297,7.3243
M_4009,2022-06-30,age_45_49,285,7.0423
M_4009,2021-12-31,age_45_49,282,7.0272
M_4009,2021-06-30,age_45_49,275,6.8476
M_4010,2024-12-31,age_45_49,583,6.5096
M_4010,2024-06-30,age_45_49,562,6.2674
M_4010,2023-12-31,age_45_49,564,6.3108
M_4010,2023-06-30,age_45_49,559,6.3164
M_4010,2022-12-31,age_45_49,536,6.1055
M_4010,2022-06-30,age_45_49,530,6.0913
M_4010,2021-12-31,age_45_49,543,6.2688
M_4010,2021-06-30,age_45_49,551,6.3929
M_4012,2024-12-31,age_45_49,726,6.2765
M_4012,2024-06-30,age_45_49,714,6.2451
M_4012,2023-12-31,age_45_49,706,6.2362
M_4012,2023-06-30,age_45_49,701,6.3565
M_4012,2022-12-31,age_45_49,714,6.5194
M_4012,2022-06-30,age_45_49,702,6.4659
M_4012,2021-12-31,age_45_49,729,6.7016
M_4012,2021-06-30,age_45_49,716,6.6296
M_4013,2024-12-31,age_45_49,279,6.2346
M_4013,2024-06-30,age_45_49,285,6.3446
M_4013,2023-12-31,age_45_49,285,6.3193
M_4013,2023-06-30,age_45_49,300,6.7054
M_4013,2022-12-31,age_45_49,292,6.6093
M_4013,2022-06-30,age_45_49,298,6.7042
M_4013,2021-12-31,age_45_49,291,6.6545
M_4013,2021-06-30,age_45_49,313,7.1543
C_19,2024-12-31,age_50_54,49958,6.7921
C_19,2024-06-30,age_50_54,50290,6.8791
C_19,2023-12-31,age_50_54,50735,6.9764
C_19,2023-06-30,age_50_54,51268,7.1113
C_19,2022-12-31,age_50_54,51815,7.266
C_19,2022-06-30,age_50_54,52435,7.4041
C_19,2021-12-31,age_50_54,52867,7.5182
C_19,2021-06-30,age_50_54,53217,7.618
D_1901,2024-12-31,age_50_54,5481,6.466
D_1901,2024-06-30,age_50_54,5477,6.4976
D_1901,2023-12-31,age_50_54,5520,6.5837
D_1901,2023-06-30,age_50_54,5478,6.6141
D_1901,2022-12-31,age_50_54,5525,6.7426
D_1901,2022-06-30,age_50_54,5544,6.8029
D_1901,2021-12-31,age_50_54,5598,6.8906
D_1901,2021-06-30,age_50_54,5638,6.9856
M_4001,2024-12-31,age_50_54,1329,5.8541
M_4001,2024-06-30,age_50_54,1320,5.8688
M_4001,2023-12-31,age_50_54,1337,5.9939
M_4001,2023-06-30,age_50_54,1335,6.0495
M_4001,2022-12-31,age_50_54,1342,6.1391
M_4001,2022-06-30,age_50_54,1317,6.0577
M_4001,2021-12-31,age_50_54,1335,6.1284
M_4001,2021-06-30,age_50_54,1359,6.2537
M_4002,2024-12-31,age_50_54,138,8.3384
M_4002,2024-06-30,age_50_54,128,7.7906
M_4002,2023-12-31,age_50_54,126,7.6642
M_4002,2023-06-30,age_50_54,121,7.4051
M_4002,2022-12-31,age_50_54,115,7.0595
M_4002,2022-06-30,age_50_54,117,7.2761
M_4002,2021-12-31,age_50_54,117,7.2446
M_4002,2021-06-30,age_50_54,120,7.5235
M_4003,2024-12-31,age_50_54,535,6.3149
M_4003,2024-06-30,age_50_54,529,6.2804
M_4003,2023-12-31,age_50_54,506,6.0174
M_4003,2023-06-30,age_50_54,496,5.8851
M_4003,2022-12-31,age_50_54,499,5.9983
M_4003,2022-06-30,age_50_54,525,6.3675
M_4003,2021-12-31,age_50_54,530,6.418
M_4003,2021-06-30,age_50_54,537,6.5833
M_4004,2024-12-31,age_50_54,61,7.9324
M_4004,2024-06-30,age_50_54,60,7.9051
M_4004,2023-12-31,age_50_54,58,7.5227
M_4004,2023-06-30,age_50_54,58,7.5916
M_4004,2022-12-31,age_50_54,53,7.0573
M_4004,2022-06-30,age_50_54,53,7.1622
M_4004,2021-12-31,age_50_54,56,7.5067
M_4004,2021-06-30,age_50_54,58,7.7025
M_4005,2024-12-31,age_50_54,305,6.5676
M_4005,2024-06-30,age_50_54,313,6.8415
M_4005,2023-12-31,age_50_54,314,6.8769
M_4005,2023-06-30,age_50_54,319,7.0466
M_4005,2022-12-31,age_50_54,323,7.197
M_4005,2022-06-30,age_50_54,320,7.1397
M_4005,2021-12-31,age_50_54,333,7.4413
M_4005,2021-06-30,age_50_54,331,7.4819
M_4006,2024-12-31,age_50_54,556,6.4151
M_4006,2024-06-30,age_50_54,585,6.7334
M_4006,2023-12-31,age_50_54,576,6.6698
M_4006,2023-06-30,age_50_54,578,6.7674
M_4006,2022-12-31,age_50_54,596,7.0624
M_4006,2022-06-30,age_50_54,608,7.1808
M_4006,2021-12-31,age_50_54,602,7.1829
M_4006,2021-06-30,age_50_54,605,7.3574
M_4007,2024-12-31,age_50_54,142,8.0499
M_4007,2024-06-30,age_50_54,143,8.0928
M_4007,2023-12-31,age_50_54,157,8.9255
M_4007,2023-06-30,age_50_54,147,8.6166
M_4007,2022-12-31,age_50_54,148,8.7626
M_4007,2022-06-30,age_50_54,148,9.0686
M_4007,2021-12-31,age_50_54,146,9.0012
M_4007,2021-06-30,age_50_54,143,8.7676
M_4008,2024-12-31,age_50_54,502,7.1663
M_4008,2024-06-30,age_50_54,497,7.1562
M_4008,2023-12-31,age_50_54,509,7.4101
M_4008,2023-06-30,age_50_54,512,7.6077
M_4008,2022-12-31,age_50_54,510,7.7708
M_4008,2022-06-30,age_50_54,507,7.7642
M_4008,2021-12-31,age_50_54,544,8.4551
M_4008,2021-06-30,age_50_54,542,8.4886
M_4009,2024-12-31,age_50_54,285,6.9665
M_4009,2024-06-30,age_50_54,277,6.7413
M_4009,2023-12-31,age_50_54,293,7.1203
M_4009,2023-06-30,age_50_54,296,7.2674
M_4009,2022-12-31,age_50_54,296,7.2996
M_4009,2022-06-30,age_50_54,305,7.5364
M_4009,2021-12-31,age_50_54,316,7.8744
M_4009,2021-06-30,age_50_54,317,7.8934
M_4010,2024-12-31,age_50_54,536,5.9848
M_4010,2024-06-30,age_50_54,545,6.0778
M_4010,2023-12-31,age_50_54,558,6.2437
M_4010,2023-06-30,age_50_54,563,6.3616
M_4010,2022-12-31,age_50_54,585,6.6636
M_4010,2022-06-30,age_50_54,574,6.5969
M_4010,2021-12-31,age_50_54,571,6.592
M_4010,2021-06-30,age_50_54,568,6.5901
M_4012,2024-12-31,age_50_54,777,6.7174
M_4012,2024-06-30,age_50_54,761,6.6562
M_4012,2023-12-31,age_50_54,770,6.8015
M_4012,2023-06-30,age_50_54,741,6.7193
M_4012,2022-12-31,age_50_54,739,6.7476
M_4012,2022-06-30,age_50_54,746,6.8711
M_4012,2021-12-31,age_50_54,729,6.7016
M_4012,2021-06-30,age_50_54,748,6.9259
M_4013,2024-12-31,age_50_54,315,7.0391
M_4013,2024-06-30,age_50_54,319,7.1015
M_4013,2023-12-31,age_50_54,316,7.0067
M_4013,2023-06-30,age_50_54,312,6.9736
M_4013,2022-12-31,age_50_54,319,7.2205
M_4013,2022-06-30,age_50_54,324,7.2891
M_4013,2021-12-31,age_50_54,319,7.2948
M_4013,2021-06-30,age_50_54,310,7.0857
C_19,2024-12-31,age_55_59,54711,7.4382
C_19,2024-06-30,age_55_59,55074,7.5335
C_19,2023-12-31,age_55_59,55485,7.6296
C_19,2023-06-30,age_55_59,55314,7.6726
C_19,2022-12-31,age_55_59,55148,7.7334
C_19,2022-06-30,age_55_59,55029,7.7704
C_19,2021-12-31,age_55_59,54638,7.7701
C_19,2021-06-30,age_55_59,54424,7.7908
D_1901,2024-12-31,age_55_59,5797,6.8387
D_1901,2024-06-30,age_55_59,5792,6.8713
D_1901,2023-12-31,age_55_59,5811,6.9308
D_1901,2023-06-30,age_55_59,5803,7.0065
D_1901,2022-12-31,age_55_59,5788,7.0635
D_1901,2022-06-30,age_55_59,5773,7.0839
D_1901,2021-12-31,age_55_59,5797,7.1356
D_1901,2021-06-30,age_55_59,5842,7.2384
M_4001,2024-12-31,age_55_59,1390,6.1228
M_4001,2024-06-30,age_55_59,1395,6.2022
M_4001,2023-12-31,age_55_59,1377,6.1732
M_4001,2023-06-30,age_55_59,1360,6.1628
M_4001,2022-12-31,age_55_59,1342,6.1391
M_4001,2022-06-30,age_55_59,1339,6.1589
M_4001,2021-12-31,age_55_59,1367,6.2752
M_4001,2021-06-30,age_55_59,1390,6.3964
M_4002,2024-12-31,age_55_59,139,8.3988
M_4002,2024-06-30,age_55_59,139,8.4601
M_4002,2023-12-31,age_55_59,142,8.6375
M_4002,2023-06-30,age_55_59,142,8.6903
M_4002,2022-12-31,age_55_59,151,9.2695
M_4002,2022-06-30,age_55_59,142,8.8308
M_4002,2021-12-31,age_55_59,145,8.9783
M_4002,2021-06-30,age_55_59,140,8.7774
M_4003,2024-12-31,age_55_59,543,6.4093
M_4003,2024-06-30,age_55_59,527,6.2567
M_4003,2023-12-31,age_55_59,531,6.3147
M_4003,2023-06-30,age_55_59,533,6.3242
M_4003,2022-12-31,age_55_59,521,6.2628
M_4003,2022-06-30,age_55_59,502,6.0885
M_4003,2021-12-31,age_55_59,506,6.1274
M_4003,2021-06-30,age_55_59,506,6.2033
M_4004,2024-12-31,age_55_59,54,7.0221
M_4004,2024-06-30,age_55_59,61,8.0369
M_4004,2023-12-31,age_55_59,67,8.69
M_4004,2023-06-30,age_55_59,68,8.9005
M_4004,2022-12-31,age_55_59,69,9.1877
M_4004,2022-06-30,age_55_59,71,9.5946
M_4004,2021-12-31,age_55_59,68,9.1153
M_4004,2021-06-30,age_55_59,68,9.0305
M_4005,2024-12-31,age_55_59,328,7.0629
M_4005,2024-06-30,age_55_59,314,6.8634
M_4005,2023-12-31,age_55_59,325,7.1178
M_4005,2023-06-30,age_55_59,328,7.2454
M_4005,2022-12-31,age_55_59,342,7.6203
M_4005,2022-06-30,age_55_59,350,7.809
M_4005,2021-12-31,age_55_59,346,7.7318
M_4005,2021-06-30,age_55_59,346,7.821
M_4006,2024-12-31,age_55_59,661,7.6266
M_4006,2024-06-30,age_55_59,642,7.3895
M_4006,2023-12-31,age_55_59,634,7.3414
M_4006,2023-06-30,age_55_59,642,7.5167
M_4006,2022-12-31,age_55_59,618,7.3231
M_4006,2022-06-30,age_55_59,623,7.358
M_4006,2021-12-31,age_55_59,638,7.6125
M_4006,2021-06-30,age_55_59,638,7.7587
M_4007,2024-12-31,age_55_59,149,8.4467
M_4007,2024-06-30,age_55_59,138,7.8098
M_4007,2023-12-31,age_55_59,134,7.618
M_4007,2023-06-30,age_55_59,139,8.1477
M_4007,2022-12-31,age_55_59,141,8.3481
M_4007,2022-06-30,age_55_59,138,8.4559
M_4007,2021-12-31,age_55_59,145,8.9396
M_4007,2021-06-30,age_55_59,143,8.7676
M_4008,2024-12-31,age_55_59,570,8.137
M_4008,2024-06-30,age_55_59,563,8.1066
M_4008,2023-12-31,age_55_59,566,8.2399
M_4008,2023-06-30,age_55_59,570,8.4695
M_4008,2022-12-31,age_55_59,571,8.7003
M_4008,2022-06-30,age_55_59,566,8.6677
M_4008,2021-12-31,age_55_59,551,8.5639
M_4008,2021-06-30,age_55_59,544,8.52
M_4009,2024-12-31,age_55_59,315,7.6998
M_4009,2024-06-30,age_55_59,340,8.2745
M_4009,2023-12-31,age_55_59,332,8.068
M_4009,2023-06-30,age_55_59,324,7.9548
M_4009,2022-12-31,age_55_59,313,7.7189
M_4009,2022-06-30,age_55_59,310,7.66
M_4009,2021-12-31,age_55_59,299,7.4508
M_4009,2021-06-30,age_55_59,313,7.7938
M_4010,2024-12-31,age_55_59,599,6.6883
M_4010,2024-06-30,age_55_59,603,6.7247
M_4010,2023-12-31,age_55_59,623,6.971
M_4010,2023-06-30,age_55_59,615,6.9492
M_4010,2022-12-31,age_55_59,620,7.0623
M_4010,2022-06-30,age_55_59,639,7.344
M_4010,2021-12-31,age_55_59,637,7.354
M_4010,2021-06-30,age_55_59,653,7.5763
M_4012,2024-12-31,age_55_59,747,6.458
M_4012,2024-06-30,age_55_59,755,6.6037
M_4012,2023-12-31,age_55_59,745,6.5807
M_4012,2023-06-30,age_55_59,743,6.7374
M_4012,2022-12-31,age_55_59,755,6.8937
M_4012,2022-06-30,age_55_59,758,6.9817
M_4012,2021-12-31,age_55_59,766,7.0417
M_4012,2021-06-30,age_55_59,781,7.2315
M_4013,2024-12-31,age_55_59,302,6.7486
M_4013,2024-06-30,age_55_59,315,7.0125
M_4013,2023-12-31,age_55_59,335,7.4279
M_4013,2023-06-30,age_55_59,339,7.5771
M_4013,2022-12-31,age_55_59,345,7.809
M_4013,2022-06-30,age_55_59,335,7.5366
M_4013,2021-12-31,age_55_59,329,7.5234
M_4013,2021-06-30,age_55_59,320,7.3143
C_19,2024-12-31,age_60_64,50786,6.9046
C_19,2024-06-30,age_60_64,49884,6.8236
C_19,2023-12-31,age_60_64,48982,6.7354
C_19,2023-06-30,age_60_64,48269,6.6954
C_19,2022-12-31,age_60_64,47356,6.6407
C_19,2022-06-30,age_60_64,46673,6.5905
C_19,2021-12-31,age_60_64,46053,6.5492
C_19,2021-06-30,age_60_64,45269,6.4802
D_1901,2024-12-31,age_60_64,5396,6.3657
D_1901,2024-06-30,age_60_64,5389,6.3932
D_1901,2023-12-31,age_60_64,5326,6.3523
D_1901,2023-06-30,age_60_64,5254,6.3436
D_1901,2022-12-31,age_60_64,5134,6.2654
D_1901,2022-06-30,age_60_64,5075,6.2274
D_1901,2021-12-31,age_60_64,4995,6.1484
D_1901,2021-06-30,age_60_64,4908,6.0811
M_4001,2024-12-31,age_60_64,1248,5.4973
M_4001,2024-06-30,age_60_64,1244,5.5309
M_4001,2023-12-31,age_60_64,1231,5.5187
M_4001,2023-06-30,age_60_64,1229,5.5691
M_4001,2022-12-31,age_60_64,1212,5.5444
M_4001,2022-06-30,age_60_64,1222,5.6207
M_4001,2021-12-31,age_60_64,1200,5.5086
M_4001,2021-06-30,age_60_64,1164,5.3564
M_4002,2024-12-31,age_60_64,147,8.8822
M_4002,2024-06-30,age_60_64,142,8.6427
M_4002,2023-12-31,age_60_64,142,8.6375
M_4002,2023-06-30,age_60_64,145,8.8739
M_4002,2022-12-31,age_60_64,140,8.5942
M_4002,2022-06-30,age_60_64,137,8.5199
M_4002,2021-12-31,age_60_64,135,8.3591
M_4002,2021-06-30,age_60_64,128,8.0251
M_4003,2024-12-31,age_60_64,455,5.3706
M_4003,2024-06-30,age_60_64,465,5.5206
M_4003,2023-12-31,age_60_64,478,5.6844
M_4003,2023-06-30,age_60_64,483,5.7309
M_4003,2022-12-31,age_60_64,491,5.9022
M_4003,2022-06-30,age_60_64,494,5.9915
M_4003,2021-12-31,age_60_64,482,5.8368
M_4003,2021-06-30,age_60_64,478,5.86
M_4004,2024-12-31,age_60_64,73,9.4928
M_4004,2024-06-30,age_60_64,70,9.2227
M_4004,2023-12-31,age_60_64,66,8.5603
M_4004,2023-06-30,age_60_64,69,9.0314
M_4004,2022-12-31,age_60_64,65,8.6551
M_4004,2022-06-30,age_60_64,66,8.9189
M_4004,2021-12-31,age_60_64,71,9.5174
M_4004,2021-06-30,age_60_64,69,9.1633
M_4005,2024-12-31,age_60_64,324,6.9767
M_4005,2024-06-30,age_60_64,329,7.1913
M_4005,2023-12-31,age_60_64,318,6.9645
M_4005,2023-06-30,age_60_64,301,6.649
M_4005,2022-12-31,age_60_64,281,6.2611
M_4005,2022-06-30,age_60_64,278,6.2026
M_4005,2021-12-31,age_60_64,277,6.1899
M_4005,2021-06-30,age_60_64,275,6.2161
M_4006,2024-12-31,age_60_64,633,7.3036
M_4006,2024-06-30,age_60_64,646,7.4355
M_4006,2023-12-31,age_60_64,651,7.5382
M_4006,2023-06-30,age_60_64,637,7.4581
M_4006,2022-12-31,age_60_64,635,7.5246
M_4006,2022-06-30,age_60_64,625,7.3816
M_4006,2021-12-31,age_60_64,617,7.3619
M_4006,2021-06-30,age_60_64,612,7.4425
M_4007,2024-12-31,age_60_64,103,5.839
M_4007,2024-06-30,age_60_64,113,6.395
M_4007,2023-12-31,age_60_64,110,6.2536
M_4007,2023-06-30,age_60_64,102,5.9789
M_4007,2022-12-31,age_60_64,99,5.8615
M_4007,2022-06-30,age_60_64,94,5.7598
M_4007,2021-12-31,age_60_64,92,5.672
M_4007,2021-06-30,age_60_64,94,5.7633
M_4008,2024-12-31,age_60_64,503,7.1806
M_4008,2024-06-30,age_60_64,500,7.1994
M_4008,2023-12-31,age_60_64,492,7.1626
M_4008,2023-06-30,age_60_64,472,7.0134
M_4008,2022-12-31,age_60_64,436,6.6433
M_4008,2022-06-30,age_60_64,433,6.6309
M_4008,2021-12-31,age_60_64,422,6.5589
M_4008,2021-06-30,age_60_64,428,6.7032
M_4009,2024-12-31,age_60_64,310,7.5776
M_4009,2024-06-30,age_60_64,301,7.3254
M_4009,2023-12-31,age_60_64,293,7.1203
M_4009,2023-06-30,age_60_64,305,7.4883
M_4009,2022-12-31,age_60_64,307,7.5709
M_4009,2022-06-30,age_60_64,301,7.4376
M_4009,2021-12-31,age_60_64,297,7.4009
M_4009,2021-06-30,age_60_64,280,6.9721
M_4010,2024-12-31,age_60_64,601,6.7106
M_4010,2024-06-30,age_60_64,601,6.7024
M_4010,2023-12-31,age_60_64,588,6.5794
M_4010,2023-06-30,age_60_64,568,6.4181
M_4010,2022-12-31,age_60_64,560,6.3789
M_4010,2022-06-30,age_60_64,543,6.2407
M_4010,2021-12-31,age_60_64,532,6.1418
M_4010,2021-06-30,age_60_64,507,5.8824
M_4012,2024-12-31,age_60_64,698,6.0344
M_4012,2024-06-30,age_60_64,690,6.0352
M_4012,2023-12-31,age_60_64,681,6.0154
M_4012,2023-06-30,age_60_64,673,6.1026
M_4012,2022-12-31,age_60_64,656,5.9898
M_4012,2022-06-30,age_60_64,633,5.8303
M_4012,2021-12-31,age_60_64,608,5.5893
M_4012,2021-06-30,age_60_64,606,5.6111
M_4013,2024-12-31,age_60_64,301,6.7263
M_4013,2024-06-30,age_60_64,288,6.4114
M_4013,2023-12-31,age_60_64,276,6.1197
M_4013,2023-06-30,age_60_64,270,6.0349
M_4013,2022-12-31,age_60_64,252,5.7039
M_4013,2022-06-30,age_60_64,249,5.6018
M_4013,2021-12-31,age_60_64,262,5.9913
M_4013,2021-06-30,age_60_64,267,6.1029
C_19,2024-12-31,age_65_69,40791,5.5458
C_19,2024-06-30,age_65_69,40292,5.5115
C_19,2023-12-31,age_65_69,39814,5.4747
C_19,2023-06-30,age_65_69,39382,5.4626
C_19,2022-12-31,age_65_69,38649,5.4197
C_19,2022-06-30,age_65_69,38163,5.3888
C_19,2021-12-31,age_65_69,37632,5.3516
C_19,2021-06-30,age_65_69,37155,5.3187
D_1901,2024-12-31,age_65_69,4512,5.3228
D_1901,2024-06-30,age_65_69,4417,5.2401
D_1901,2023-12-31,age_65_69,4381,5.2252
D_1901,2023-06-30,age_65_69,4388,5.298
D_1901,2022-12-31,age_65_69,4307,5.2562
D_1901,2022-06-30,age_65_69,4240,5.2028
D_1901,2021-12-31,age_65_69,4207,5.1784
D_1901,2021-06-30,age_65_69,4149,5.1407
M_4001,2024-12-31,age_65_69,1104,4.863
M_4001,2024-06-30,age_65_69,1077,4.7884
M_4001,2023-12-31,age_65_69,1088,4.8776
M_4001,2023-06-30,age_65_69,1099,4.9801
M_4001,2022-12-31,age_65_69,1080,4.9405
M_4001,2022-06-30,age_65_69,1063,4.8894
M_4001,2021-12-31,age_65_69,1062,4.8751
M_4001,2021-06-30,age_65_69,1038,4.7766
M_4002,2024-12-31,age_65_69,114,6.8882
M_4002,2024-06-30,age_65_69,116,7.0603
M_4002,2023-12-31,age_65_69,119,7.2384
M_4002,2023-06-30,age_65_69,125,7.6499
M_4002,2022-12-31,age_65_69,122,7.4893
M_4002,2022-06-30,age_65_69,124,7.7114
M_4002,2021-12-31,age_65_69,136,8.4211
M_4002,2021-06-30,age_65_69,139,8.7147
M_4003,2024-12-31,age_65_69,406,4.7923
M_4003,2024-06-30,age_65_69,410,4.8676
M_4003,2023-12-31,age_65_69,403,4.7925
M_4003,2023-06-30,age_65_69,403,4.7817
M_4003,2022-12-31,age_65_69,379,4.5558
M_4003,2022-06-30,age_65_69,367,4.4512
M_4003,2021-12-31,age_65_69,374,4.5289
M_4003,2021-06-30,age_65_69,361,4.4256
M_4004,2024-12-31,age_65_69,56,7.2822
M_4004,2024-06-30,age_65_69,56,7.3781
M_4004,2023-12-31,age_65_69,52,6.7445
M_4004,2023-06-30,age_65_69,51,6.6754
M_4004,2022-12-31,age_65_69,45,5.992
M_4004,2022-06-30,age_65_69,46,6.2162
M_4004,2021-12-31,age_65_69,41,5.496
M_4004,2021-06-30,age_65_69,40,5.3121
M_4005,2024-12-31,age_65_69,263,5.6632
M_4005,2024-06-30,age_65_69,257,5.6175
M_4005,2023-12-31,age_65_69,264,5.7819
M_4005,2023-06-30,age_65_69,265,5.8538
M_4005,2022-12-31,age_65_69,269,5.9938
M_4005,2022-06-30,age_65_69,271,6.0464
M_4005,2021-12-31,age_65_69,272,6.0782
M_4005,2021-06-30,age_65_69,258,5.8318
M_4006,2024-12-31,age_65_69,520,5.9998
M_4006,2024-06-30,age_65_69,509,5.8587
M_4006,2023-12-31,age_65_69,485,5.616
M_4006,2023-06-30,age_65_69,484,5.6668
M_4006,2022-12-31,age_65_69,478,5.6642
M_4006,2022-06-30,age_65_69,459,5.421
M_4006,2021-12-31,age_65_69,446,5.3216
M_4006,2021-06-30,age_65_69,441,5.363
M_4007,2024-12-31,age_65_69,94,5.3288
M_4007,2024-06-30,age_65_69,91,5.15
M_4007,2023-12-31,age_65_69,95,5.4008
M_4007,2023-06-30,age_65_69,97,5.6858
M_4007,2022-12-31,age_65_69,96,5.6838
M_4007,2022-06-30,age_65_69,92,5.6373
M_4007,2021-12-31,age_65_69,90,5.5487
M_4007,2021-06-30,age_65_69,95,5.8246
M_4008,2024-12-31,age_65_69,401,5.7245
M_4008,2024-06-30,age_65_69,399,5.7451
M_4008,2023-12-31,age_65_69,369,5.372
M_4008,2023-06-30,age_65_69,364,5.4086
M_4008,2022-12-31,age_65_69,359,5.4701
M_4008,2022-06-30,age_65_69,351,5.3752
M_4008,2021-12-31,age_65_69,344,5.3466
M_4008,2021-06-30,age_65_69,349,5.4659
M_4009,2024-12-31,age_65_69,277,6.771
M_4009,2024-06-30,age_65_69,272,6.6196
M_4009,2023-12-31,age_65_69,277,6.7315
M_4009,2023-06-30,age_65_69,267,6.5554
M_4009,2022-12-31,age_65_69,264,6.5105
M_4009,2022-06-30,age_65_69,262,6.4739
M_4009,2021-12-31,age_65_69,261,6.5039
M_4009,2021-06-30,age_65_69,254,6.3247
M_4010,2024-12-31,age_65_69,487,5.4377
M_4010,2024-06-30,age_65_69,466,5.1968
M_4010,2023-12-31,age_65_69,445,4.9793
M_4010,2023-06-30,age_65_69,466,5.2655
M_4010,2022-12-31,age_65_69,453,5.16
M_4010,2022-06-30,age_65_69,462,5.3097
M_4010,2021-12-31,age_65_69,444,5.1258
M_4010,2021-06-30,age_65_69,439,5.0934
M_4012,2024-12-31,age_65_69,557,4.8154
M_4012,2024-06-30,age_65_69,537,4.6969
M_4012,2023-12-31,age_65_69,550,4.8582
M_4012,2023-06-30,age_65_69,539,4.8876
M_4012,2022-12-31,age_65_69,532,4.8576
M_4012,2022-06-30,age_65_69,529,4.8724
M_4012,2021-12-31,age_65_69,533,4.8998
M_4012,2021-06-30,age_65_69,529,4.8981
M_4013,2024-12-31,age_65_69,233,5.2067
M_4013,2024-06-30,age_65_69,227,5.0534
M_4013,2023-12-31,age_65_69,234,5.1885
M_4013,2023-06-30,age_65_69,228,5.0961
M_4013,2022-12-31,age_65_69,230,5.206
M_4013,2022-06-30,age_65_69,214,4.8144
M_4013,2021-12-31,age_65_69,204,4.665
M_4013,2021-06-30,age_65_69,206,4.7086
C_19,2024-12-31,age_70_74,33466,4.5499
C_19,2024-06-30,age_70_74,33188,4.5397
C_19,2023-12-31,age_70_74,32799,4.5101
C_19,2023-06-30,age_70_74,32558,4.5161
C_19,2022-12-31,age_70_74,32344,4.5356
C_19,2022-06-30,age_70_74,32095,4.532
C_19,2021-12-31,age_70_74,31803,4.5227
C_19,2021-06-30,age_70_74,31756,4.5459
D_1901,2024-12-31,age_70_74,3793,4.4746
D_1901,2024-06-30,age_70_74,3845,4.5615
D_1901,2023-12-31,age_70_74,3785,4.5144
D_1901,2023-06-30,age_70_74,3721,4.4927
D_1901,2022-12-31,age_70_74,3728,4.5496
D_1901,2022-06-30,age_70_74,3727,4.5733
D_1901,2021-12-31,age_70_74,3720,4.579
D_1901,2021-06-30,age_70_74,3696,4.5794
M_4001,2024-12-31,age_70_74,920,4.0525
M_4001,2024-06-30,age_70_74,910,4.0459
M_4001,2023-12-31,age_70_74,897,4.0213
M_4001,2023-06-30,age_70_74,886,4.0149
M_4001,2022-12-31,age_70_74,916,4.1903
M_4001,2022-06-30,age_70_74,905,4.1626
M_4001,2021-12-31,age_70_74,912,4.1866
M_4001,2021-06-30,age_70_74,930,4.2796
M_4002,2024-12-31,age_70_74,130,7.855
M_4002,2024-06-30,age_70_74,135,8.2167
M_4002,2023-12-31,age_70_74,136,8.2725
M_4002,2023-06-30,age_70_74,130,7.9559
M_4002,2022-12-31,age_70_74,135,8.2873
M_4002,2022-06-30,age_70_74,129,8.0224
M_4002,2021-12-31,age_70_74,118,7.3065
M_4002,2021-06-30,age_70_74,119,7.4608
M_4003,2024-12-31,age_70_74,338,3.9896
M_4003,2024-06-30,age_70_74,325,3.8585
M_4003,2023-12-31,age_70_74,321,3.8173
M_4003,2023-06-30,age_70_74,306,3.6308
M_4003,2022-12-31,age_70_74,306,3.6783
M_4003,2022-06-30,age_70_74,295,3.5779
M_4003,2021-12-31,age_70_74,285,3.4512
M_4003,2021-06-30,age_70_74,285,3.4939
M_4004,2024-12-31,age_70_74,41,5.3316
M_4004,2024-06-30,age_70_74,41,5.4018
M_4004,2023-12-31,age_70_74,41,5.3178
M_4004,2023-06-30,age_70_74,36,4.712
M_4004,2022-12-31,age_70_74,38,5.0599
M_4004,2022-06-30,age_70_74,39,5.2703
M_4004,2021-12-31,age_70_74,40,5.3619
M_4004,2021-06-30,age_70_74,43,5.7105
M_4005,2024-12-31,age_70_74,254,5.4694
M_4005,2024-06-30,age_70_74,251,5.4863
M_4005,2023-12-31,age_70_74,243,5.3219
M_4005,2023-06-30,age_70_74,236,5.2132
M_4005,2022-12-31,age_70_74,237,5.2807
M_4005,2022-06-30,age_70_74,242,5.3994
M_4005,2021-12-31,age_70_74,248,5.5419
M_4005,2021-06-30,age_70_74,242,5.4702
M_4006,2024-12-31,age_70_74,389,4.4883
M_4006,2024-06-30,age_70_74,397,4.5695
M_4006,2023-12-31,age_70_74,390,4.516
M_4006,2023-06-30,age_70_74,383,4.4843
M_4006,2022-12-31,age_70_74,386,4.574
M_4006,2022-06-30,age_70_74,387,4.5707
M_4006,2021-12-31,age_70_74,402,4.7966
M_4006,2021-06-30,age_70_74,398,4.8401
M_4007,2024-12-31,age_70_74,102,5.7823
M_4007,2024-06-30,age_70_74,102,5.7725
M_4007,2023-12-31,age_70_74,97,5.5145
M_4007,2023-06-30,age_70_74,97,5.6858
M_4007,2022-12-31,age_70_74,93,5.5062
M_4007,2022-06-30,age_70_74,90,5.5147
M_4007,2021-12-31,age_70_74,81,4.9938
M_4007,2021-06-30,age_70_74,76,4.6597
M_4008,2024-12-31,age_70_74,326,4.6538
M_4008,2024-06-30,age_70_74,318,4.5788
M_4008,2023-12-31,age_70_74,323,4.7023
M_4008,2023-06-30,age_70_74,328,4.8737
M_4008,2022-12-31,age_70_74,326,4.9672
M_4008,2022-06-30,age_70_74,331,5.0689
M_4008,2021-12-31,age_70_74,335,5.2067
M_4008,2021-06-30,age_70_74,332,5.1997
M_4009,2024-12-31,age_70_74,236,5.7688
M_4009,2024-06-30,age_70_74,244,5.9382
M_4009,2023-12-31,age_70_74,244,5.9295
M_4009,2023-06-30,age_70_74,245,6.0152
M_4009,2022-12-31,age_70_74,236,5.82
M_4009,2022-06-30,age_70_74,241,5.955
M_4009,2021-12-31,age_70_74,237,5.9058
M_4009,2021-06-30,age_70_74,239,5.9512
M_4010,2024-12-31,age_70_74,383,4.2765
M_4010,2024-06-30,age_70_74,431,4.8065
M_4010,2023-12-31,age_70_74,428,4.7891
M_4010,2023-06-30,age_70_74,428,4.8362
M_4010,2022-12-31,age_70_74,421,4.7955
M_4010,2022-06-30,age_70_74,416,4.7811
M_4010,2021-12-31,age_70_74,424,4.8949
M_4010,2021-06-30,age_70_74,416,4.8265
M_4012,2024-12-31,age_70_74,495,4.2794
M_4012,2024-06-30,age_70_74,515,4.5045
M_4012,2023-12-31,age_70_74,497,4.3901
M_4012,2023-06-30,age_70_74,479,4.3435
M_4012,2022-12-31,age_70_74,473,4.3188
M_4012,2022-06-30,age_70_74,475,4.3751
M_4012,2021-12-31,age_70_74,459,4.2195
M_4012,2021-06-30,age_70_74,448,4.1481
M_4013,2024-12-31,age_70_74,179,4.0
M_4013,2024-06-30,age_70_74,176,3.9181
M_4013,2023-12-31,age_70_74,168,3.7251
M_4013,2023-06-30,age_70_74,167,3.7327
M_4013,2022-12-31,age_70_74,161,3.6442
M_4013,2022-06-30,age_70_74,177,3.982
M_4013,2021-12-31,age_70_74,179,4.0933
M_4013,2021-06-30,age_70_74,168,3.84
C_19,2024-12-31,age_75_79,28255,3.8414
C_19,2024-06-30,age_75_79,28112,3.8454
C_19,2023-12-31,age_75_79,27943,3.8424
C_19,2023-06-30,age_75_79,27811,3.8576
C_19,2022-12-31,age_75_79,27339,3.8337
C_19,2022-06-30,age_75_79,27157,3.8347
C_19,2021-12-31,age_75_79,26643,3.7889
C_19,2021-06-30,age_75_79,26324,3.7683
D_1901,2024-12-31,age_75_79,3353,3.9555
D_1901,2024-06-30,age_75_79,3269,3.8781
D_1901,2023-12-31,age_75_79,3221,3.8417
D_1901,2023-06-30,age_75_79,3220,3.8878
D_1901,2022-12-31,age_75_79,3199,3.904
D_1901,2022-06-30,age_75_79,3170,3.8898
D_1901,2021-12-31,age_75_79,3118,3.838
D_1901,2021-06-30,age_75_79,3106,3.8484
M_4001,2024-12-31,age_75_79,854,3.7618
M_4001,2024-06-30,age_75_79,849,3.7747
M_4001,2023-12-31,age_75_79,846,3.7927
M_4001,2023-06-30,age_75_79,861,3.9016
M_4001,2022-12-31,age_75_79,852,3.8975
M_4001,2022-06-30,age_75_79,845,3.8867
M_4001,2021-12-31,age_75_79,834,3.8285
M_4001,2021-06-30,age_75_79,833,3.8332
M_4002,2024-12-31,age_75_79,106,6.4048
M_4002,2024-06-30,age_75_79,105,6.3907
M_4002,2023-12-31,age_75_79,98,5.9611
M_4002,2023-06-30,age_75_79,94,5.7528
M_4002,2022-12-31,age_75_79,83,5.0952
M_4002,2022-06-30,age_75_79,85,5.2861
M_4002,2021-12-31,age_75_79,81,5.0155
M_4002,2021-06-30,age_75_79,80,5.0157
M_4003,2024-12-31,age_75_79,235,2.7738
M_4003,2024-06-30,age_75_79,242,2.8731
M_4003,2023-12-31,age_75_79,238,2.8303
M_4003,2023-06-30,age_75_79,243,2.8832
M_4003,2022-12-31,age_75_79,248,2.9811
M_4003,2022-06-30,age_75_79,251,3.0443
M_4003,2021-12-31,age_75_79,246,2.9789
M_4003,2021-06-30,age_75_79,255,3.1261
M_4004,2024-12-31,age_75_79,32,4.1612
M_4004,2024-06-30,age_75_79,30,3.9526
M_4004,2023-12-31,age_75_79,32,4.1505
M_4004,2023-06-30,age_75_79,37,4.8429
M_4004,2022-12-31,age_75_79,35,4.6605
M_4004,2022-06-30,age_75_79,36,4.8649
M_4004,2021-12-31,age_75_79,34,4.5576
M_4004,2021-06-30,age_75_79,35,4.6481
M_4005,2024-12-31,age_75_79,214,4.6081
M_4005,2024-06-30,age_75_79,214,4.6776
M_4005,2023-12-31,age_75_79,202,4.424
M_4005,2023-06-30,age_75_79,200,4.4179
M_4005,2022-12-31,age_75_79,199,4.434
M_4005,2022-06-30,age_75_79,201,4.4846
M_4005,2021-12-31,age_75_79,201,4.4916
M_4005,2021-06-30,age_75_79,202,4.566
M_4006,2024-12-31,age_75_79,361,4.1652
M_4006,2024-06-30,age_75_79,334,3.8444
M_4006,2023-12-31,age_75_79,343,3.9717
M_4006,2023-06-30,age_75_79,340,3.9808
M_4006,2022-12-31,age_75_79,329,3.8986
M_4006,2022-06-30,age_75_79,328,3.8739
M_4006,2021-12-31,age_75_79,316,3.7704
M_4006,2021-06-30,age_75_79,301,3.6605
M_4007,2024-12-31,age_75_79,73,4.1383
M_4007,2024-06-30,age_75_79,78,4.4143
M_4007,2023-12-31,age_75_79,75,4.2638
M_4007,2023-06-30,age_75_79,75,4.3962
M_4007,2022-12-31,age_75_79,76,4.4997
M_4007,2022-06-30,age_75_79,69,4.2279
M_4007,2021-12-31,age_75_79,66,4.0691
M_4007,2021-06-30,age_75_79,68,4.1692
M_4008,2024-12-31,age_75_79,329,4.6966
M_4008,2024-06-30,age_75_79,329,4.7372
M_4008,2023-12-31,age_75_79,330,4.8042
M_4008,2023-06-30,age_75_79,324,4.8143
M_4008,2022-12-31,age_75_79,333,5.0739
M_4008,2022-06-30,age_75_79,322,4.9311
M_4008,2021-12-31,age_75_79,317,4.927
M_4008,2021-06-30,age_75_79,319,4.9961
M_4009,2024-12-31,age_75_79,210,5.1332
M_4009,2024-06-30,age_75_79,195,4.7457
M_4009,2023-12-31,age_75_79,188,4.5687
M_4009,2023-06-30,age_75_79,181,4.4439
M_4009,2022-12-31,age_75_79,176,4.3403
M_4009,2022-06-30,age_75_79,165,4.0771
M_4009,2021-12-31,age_75_79,154,3.8375
M_4009,2021-06-30,age_75_79,149,3.7102
M_4010,2024-12-31,age_75_79,373,4.1648
M_4010,2024-06-30,age_75_79,351,3.9144
M_4010,2023-12-31,age_75_79,341,3.8156
M_4010,2023-06-30,age_75_79,338,3.8192
M_4010,2022-12-31,age_75_79,342,3.8957
M_4010,2022-06-30,age_75_79,344,3.9536
M_4010,2021-12-31,age_75_79,345,3.9829
M_4010,2021-06-30,age_75_79,336,3.8984
M_4012,2024-12-31,age_75_79,397,3.4322
M_4012,2024-06-30,age_75_79,378,3.3062
M_4012,2023-12-31,age_75_79,363,3.2064
M_4012,2023-06-30,age_75_79,355,3.2191
M_4012,2022-12-31,age_75_79,362,3.3053
M_4012,2022-06-30,age_75_79,359,3.3066
M_4012,2021-12-31,age_75_79,363,3.337
M_4012,2021-06-30,age_75_79,356,3.2963
M_4013,2024-12-31,age_75_79,169,3.7765
M_4013,2024-06-30,age_75_79,164,3.6509
M_4013,2023-12-31,age_75_79,165,3.6585
M_4013,2023-06-30,age_75_79,172,3.8444
M_4013,2022-12-31,age_75_79,164,3.7121
M_4013,2022-06-30,age_75_79,165,3.712
M_4013,2021-12-31,age_75_79,161,3.6817
M_4013,2021-06-30,age_75_79,172,3.9314
C_19,2024-12-31,age_80_84,20556,2.7947
C_19,2024-06-30,age_80_84,19991,2.7345
C_19,2023-12-31,age_80_84,19383,2.6653
C_19,2023-06-30,age_80_84,18847,2.6143
C_19,2022-12-31,age_80_84,18261,2.5607
C_19,2022-06-30,age_80_84,17711,2.5009
C_19,2021-12-31,age_80_84,17298,2.4599
C_19,2021-06-30,age_80_84,16946,2.4258
D_1901,2024-12-31,age_80_84,2409,2.8419
D_1901,2024-06-30,age_80_84,2381,2.8247
D_1901,2023-12-31,age_80_84,2349,2.8017
D_1901,2023-06-30,age_80_84,2273,2.7444
D_1901,2022-12-31,age_80_84,2180,2.6604
D_1901,2022-06-30,age_80_84,2119,2.6002
D_1901,2021-12-31,age_80_84,2062,2.5381
D_1901,2021-06-30,age_80_84,2021,2.5041
M_4001,2024-12-31,age_80_84,647,2.85
M_4001,2024-06-30,age_80_84,654,2.9077
M_4001,2023-12-31,age_80_84,652,2.923
M_4001,2023-06-30,age_80_84,622,2.8186
M_4001,2022-12-31,age_80_84,592,2.7081
M_4001,2022-06-30,age_80_84,588,2.7046
M_4001,2021-12-31,age_80_84,565,2.5936
M_4001,2021-06-30,age_80_84,561,2.5816
M_4002,2024-12-31,age_80_84,54,3.2628
M_4002,2024-06-30,age_80_84,47,2.8606
M_4002,2023-12-31,age_80_84,47,2.8589
M_4002,2023-06-30,age_80_84,45,2.754
M_4002,2022-12-31,age_80_84,51,3.1308
M_4002,2022-06-30,age_80_84,57,3.5448
M_4002,2021-12-31,age_80_84,54,3.3437
M_4002,2021-06-30,age_80_84,49,3.0721
M_4003,2024-12-31,age_80_84,206,2.4315
M_4003,2024-06-30,age_80_84,199,2.3626
M_4003,2023-12-31,age_80_84,204,2.426
M_4003,2023-06-30,age_80_84,202,2.3968
M_4003,2022-12-31,age_80_84,183,2.1998
M_4003,2022-06-30,age_80_84,174,2.1104
M_4003,2021-12-31,age_80_84,173,2.0949
M_4003,2021-06-30,age_80_84,153,1.8757
M_4004,2024-12-31,age_80_84,25,3.251
M_4004,2024-06-30,age_80_84,24,3.1621
M_4004,2023-12-31,age_80_84,23,2.9831
M_4004,2023-06-30,age_80_84,25,3.2723
M_4004,2022-12-31,age_80_84,24,3.1957
M_4004,2022-06-30,age_80_84,20,2.7027
M_4004,2021-12-31,age_80_84,23,3.0831
M_4004,2021-06-30,age_80_84,21,2.7888
M_4005,2024-12-31,age_80_84,169,3.6391
M_4005,2024-06-30,age_80_84,169,3.694
M_4005,2023-12-31,age_80_84,170,3.7232
M_4005,2023-06-30,age_80_84,167,3.689
M_4005,2022-12-31,age_80_84,171,3.8102
M_4005,2022-06-30,age_80_84,161,3.5921
M_4005,2021-12-31,age_80_84,159,3.5531
M_4005,2021-06-30,age_80_84,155,3.5036
M_4006,2024-12-31,age_80_84,230,2.6537
M_4006,2024-06-30,age_80_84,235,2.7049
M_4006,2023-12-31,age_80_84,226,2.617
M_4006,2023-06-30,age_80_84,224,2.6226
M_4006,2022-12-31,age_80_84,209,2.4766
M_4006,2022-06-30,age_80_84,198,2.3385
M_4006,2021-12-31,age_80_84,199,2.3744
M_4006,2021-06-30,age_80_84,203,2.4687
M_4007,2024-12-31,age_80_84,53,3.0045
M_4007,2024-06-30,age_80_84,49,2.7731
M_4007,2023-12-31,age_80_84,47,2.672
M_4007,2023-06-30,age_80_84,42,2.4619
M_4007,2022-12-31,age_80_84,33,1.9538
M_4007,2022-06-30,age_80_84,33,2.0221
M_4007,2021-12-31,age_80_84,34,2.0962
M_4007,2021-06-30,age_80_84,36,2.2072
M_4008,2024-12-31,age_80_84,238,3.3976
M_4008,2024-06-30,age_80_84,224,3.2253
M_4008,2023-12-31,age_80_84,203,2.9553
M_4008,2023-06-30,age_80_84,198,2.9421
M_4008,2022-12-31,age_80_84,188,2.8645
M_4008,2022-06-30,age_80_84,181,2.7718
M_4008,2021-12-31,age_80_84,165,2.5645
M_4008,2021-06-30,age_80_84,153,2.3962
M_4009,2024-12-31,age_80_84,117,2.8599
M_4009,2024-06-30,age_80_84,115,2.7987
M_4009,2023-12-31,age_80_84,108,2.6245
M_4009,2023-06-30,age_80_84,98,2.4061
M_4009,2022-12-31,age_80_84,94,2.3181
M_4009,2022-06-30,age_80_84,96,2.3721
M_4009,2021-12-31,age_80_84,95,2.3673
M_4009,2021-06-30,age_80_84,86,2.1414
M_4010,2024-12-31,age_80_84,251,2.8026
M_4010,2024-06-30,age_80_84,248,2.7657
M_4010,2023-12-31,age_80_84,242,2.7078
M_4010,2023-06-30,age_80_84,234,2.6441
M_4010,2022-12-31,age_80_84,228,2.5971
M_4010,2022-06-30,age_80_84,203,2.3331
M_4010,2021-12-31,age_80_84,201,2.3205
M_4010,2021-06-30,age_80_84,218,2.5293
M_4012,2024-12-31,age_80_84,280,2.4207
M_4012,2024-06-30,age_80_84,272,2.3791
M_4012,2023-12-31,age_80_84,277,2.4468
M_4012,2023-06-30,age_80_84,272,2.4664
M_4012,2022-12-31,age_80_84,256,2.3375
M_4012,2022-06-30,age_80_84,264,2.4316
M_4012,2021-12-31,age_80_84,259,2.381
M_4012,2021-06-30,age_80_84,251,2.3241
M_4013,2024-12-31,age_80_84,139,3.1061
M_4013,2024-06-30,age_80_84,145,3.228
M_4013,2023-12-31,age_80_84,150,3.3259
M_4013,2023-06-30,age_80_84,144,3.2186
M_4013,2022-12-31,age_80_84,151,3.4178
M_4013,2022-06-30,age_80_84,144,3.2396
M_4013,2021-12-31,age_80_84,135,3.0871
M_4013,2021-06-30,age_80_84,135,3.0857
C_19,2024-12-31,age_85_89,11538,1.5687
C_19,2024-06-30,age_85_89,11475,1.5696
C_19,2023-12-31,age_85_89,11126,1.5299
C_19,2023-06-30,age_85_89,10988,1.5241
C_19,2022-12-31,age_85_89,10755,1.5082
C_19,2022-06-30,age_85_89,10721,1.5139
C_19,2021-12-31,age_85_89,10577,1.5042
C_19,2021-06-30,age_85_89,10478,1.4999
D_1901,2024-12-31,age_85_89,1444,1.7035
D_1901,2024-06-30,age_85_89,1433,1.7
D_1901,2023-12-31,age_85_89,1389,1.6567
D_1901,2023-06-30,age_85_89,1376,1.6614
D_1901,2022-12-31,age_85_89,1360,1.6597
D_1901,2022-06-30,age_85_89,1358,1.6664
D_1901,2021-12-31,age_85_89,1348,1.6593
D_1901,2021-06-30,age_85_89,1327,1.6442
M_4001,2024-12-31,age_85_89,391,1.7223
M_4001,2024-06-30,age_85_89,370,1.645
M_4001,2023-12-31,age_85_89,365,1.6363
M_4001,2023-06-30,age_85_89,369,1.6721
M_4001,2022-12-31,age_85_89,374,1.7109
M_4001,2022-06-30,age_85_89,376,1.7295
M_4001,2021-12-31,age_85_89,382,1.7536
M_4001,2021-06-30,age_85_89,381,1.7533
M_4002,2024-12-31,age_85_89,37,2.2356
M_4002,2024-06-30,age_85_89,39,2.3737
M_4002,2023-12-31,age_85_89,35,2.129
M_4002,2023-06-30,age_85_89,31,1.8972
M_4002,2022-12-31,age_85_89,32,1.9644
M_4002,2022-06-30,age_85_89,27,1.6791
M_4002,2021-12-31,age_85_89,27,1.6718
M_4002,2021-06-30,age_85_89,27,1.6928
M_4003,2024-12-31,age_85_89,133,1.5699
M_4003,2024-06-30,age_85_89,131,1.5553
M_4003,2023-12-31,age_85_89,134,1.5935
M_4003,2023-06-30,age_85_89,133,1.5781
M_4003,2022-12-31,age_85_89,133,1.5987
M_4003,2022-06-30,age_85_89,131,1.5888
M_4003,2021-12-31,age_85_89,134,1.6227
M_4003,2021-06-30,age_85_89,133,1.6305
M_4004,2024-12-31,age_85_89,18,2.3407
M_4004,2024-06-30,age_85_89,20,2.635
M_4004,2023-12-31,age_85_89,20,2.594
M_4004,2023-06-30,age_85_89,15,1.9634
M_4004,2022-12-31,age_85_89,16,2.1305
M_4004,2022-06-30,age_85_89,16,2.1622
M_4004,2021-12-31,age_85_89,16,2.1448
M_4004,2021-06-30,age_85_89,14,1.8592
M_4005,2024-12-31,age_85_89,95,2.0457
M_4005,2024-06-30,age_85_89,94,2.0546
M_4005,2023-12-31,age_85_89,87,1.9054
M_4005,2023-06-30,age_85_89,85,1.8776
M_4005,2022-12-31,age_85_89,78,1.738
M_4005,2022-06-30,age_85_89,78,1.7403
M_4005,2021-12-31,age_85_89,79,1.7654
M_4005,2021-06-30,age_85_89,76,1.7179
M_4006,2024-12-31,age_85_89,152,1.7538
M_4006,2024-06-30,age_85_89,152,1.7495
M_4006,2023-12-31,age_85_89,133,1.5401
M_4006,2023-06-30,age_85_89,134,1.5689
M_4006,2022-12-31,age_85_89,139,1.6471
M_4006,2022-06-30,age_85_89,147,1.7362
M_4006,2021-12-31,age_85_89,140,1.6704
M_4006,2021-06-30,age_85_89,138,1.6782
M_4007,2024-12-31,age_85_89,22,1.2472
M_4007,2024-06-30,age_85_89,19,1.0753
M_4007,2023-12-31,age_85_89,20,1.137
M_4007,2023-06-30,age_85_89,19,1.1137
M_4007,2022-12-31,age_85_89,19,1.1249
M_4007,2022-06-30,age_85_89,20,1.2255
M_4007,2021-12-31,age_85_89,18,1.1097
M_4007,2021-06-30,age_85_89,16,0.981
M_4008,2024-12-31,age_85_89,110,1.5703
M_4008,2024-06-30,age_85_89,109,1.5695
M_4008,2023-12-31,age_85_89,109,1.5868
M_4008,2023-06-30,age_85_89,112,1.6642
M_4008,2022-12-31,age_85_89,110,1.6761
M_4008,2022-06-30,age_85_89,115,1.7611
M_4008,2021-12-31,age_85_89,113,1.7563
M_4008,2021-06-30,age_85_89,112,1.7541
M_4009,2024-12-31,age_85_89,60,1.4666
M_4009,2024-06-30,age_85_89,62,1.5089
M_4009,2023-12-31,age_85_89,63,1.531
M_4009,2023-06-30,age_85_89,55,1.3504
M_4009,2022-12-31,age_85_89,56,1.381
M_4009,2022-06-30,age_85_89,58,1.4332
M_4009,2021-12-31,age_85_89,55,1.3705
M_4009,2021-06-30,age_85_89,59,1.4691
M_4010,2024-12-31,age_85_89,153,1.7084
M_4010,2024-06-30,age_85_89,155,1.7286
M_4010,2023-12-31,age_85_89,159,1.7791
M_4010,2023-06-30,age_85_89,156,1.7627
M_4010,2022-12-31,age_85_89,154,1.7542
M_4010,2022-06-30,age_85_89,152,1.7469
M_4010,2021-12-31,age_85_89,150,1.7317
M_4010,2021-06-30,age_85_89,134,1.5547
M_4012,2024-12-31,age_85_89,184,1.5907
M_4012,2024-06-30,age_85_89,188,1.6444
M_4012,2023-12-31,age_85_89,174,1.537
M_4012,2023-06-30,age_85_89,176,1.5959
M_4012,2022-12-31,age_85_89,164,1.4974
M_4012,2022-06-30,age_85_89,151,1.3908
M_4012,2021-12-31,age_85_89,139,1.2778
M_4012,2021-06-30,age_85_89,143,1.3241
M_4013,2024-12-31,age_85_89,89,1.9888
M_4013,2024-06-30,age_85_89,94,2.0926
M_4013,2023-12-31,age_85_89,90,1.9956
M_4013,2023-06-30,age_85_89,91,2.034
M_4013,2022-12-31,age_85_89,85,1.9239
M_4013,2022-06-30,age_85_89,87,1.9573
M_4013,2021-12-31,age_85_89,95,2.1724
M_4013,2021-06-30,age_85_89,94,2.1486
C_19,2024-12-31,age_90_,6235,0.8477
C_19,2024-06-30,age_90_,6055,0.8283
C_19,2023-12-31,age_90_,5972,0.8212
C_19,2023-06-30,age_90_,5956,0.8262
C_19,2022-12-31,age_90_,5814,0.8153
C_19,2022-06-30,age_90_,5780,0.8162
C_19,2021-12-31,age_90_,5635,0.8014
C_19,2021-06-30,age_90_,5532,0.7919
D_1901,2024-12-31,age_90_,855,1.0086
D_1901,2024-06-30,age_90_,833,0.9882
D_1901,2023-12-31,age_90_,810,0.9661
D_1901,2023-06-30,age_90_,842,1.0166
D_1901,2022-12-31,age_90_,819,0.9995
D_1901,2022-06-30,age_90_,810,0.9939
D_1901,2021-12-31,age_90_,802,0.9872
D_1901,2021-06-30,age_90_,780,0.9664
M_4001,2024-12-31,age_90_,267,1.1761
M_4001,2024-06-30,age_90_,267,1.1871
M_4001,2023-12-31,age_90_,258,1.1566
M_4001,2023-06-30,age_90_,266,1.2054
M_4001,2022-12-31,age_90_,263,1.2031
M_4001,2022-06-30,age_90_,272,1.2511
M_4001,2021-12-31,age_90_,275,1.2624
M_4001,2021-06-30,age_90_,267,1.2287
M_4002,2024-12-31,age_90_,12,0.7251
M_4002,2024-06-30,age_90_,16,0.9738
M_4002,2023-12-31,age_90_,16,0.9732
M_4002,2023-06-30,age_90_,15,0.918
M_4002,2022-12-31,age_90_,11,0.6753
M_4002,2022-06-30,age_90_,13,0.8085
M_4002,2021-12-31,age_90_,11,0.6811
M_4002,2021-06-30,age_90_,9,0.5643
M_4003,2024-12-31,age_90_,106,1.2512
M_4003,2024-06-30,age_90_,101,1.1991
M_4003,2023-12-31,age_90_,89,1.0584
M_4003,2023-06-30,age_90_,99,1.1747
M_4003,2022-12-31,age_90_,91,1.0939
M_4003,2022-06-30,age_90_,89,1.0794
M_4003,2021-12-31,age_90_,87,1.0535
M_4003,2021-06-30,age_90_,86,1.0543
M_4004,2024-12-31,age_90_,8,1.0403
M_4004,2024-06-30,age_90_,7,0.9223
M_4004,2023-12-31,age_90_,7,0.9079
M_4004,2023-06-30,age_90_,7,0.9162
M_4004,2022-12-31,age_90_,5,0.6658
M_4004,2022-06-30,age_90_,5,0.6757
M_4004,2021-12-31,age_90_,5,0.6702
M_4004,2021-06-30,age_90_,5,0.664
M_4005,2024-12-31,age_90_,55,1.1843
M_4005,2024-06-30,age_90_,53,1.1585
M_4005,2023-12-31,age_90_,55,1.2046
M_4005,2023-06-30,age_90_,63,1.3917
M_4005,2022-12-31,age_90_,67,1.4929
M_4005,2022-06-30,age_90_,59,1.3164
M_4005,2021-12-31,age_90_,58,1.2961
M_4005,2021-06-30,age_90_,53,1.198
M_4006,2024-12-31,age_90_,71,0.8192
M_4006,2024-06-30,age_90_,67,0.7712
M_4006,2023-12-31,age_90_,72,0.8337
M_4006,2023-06-30,age_90_,77,0.9015
M_4006,2022-12-31,age_90_,75,0.8887
M_4006,2022-06-30,age_90_,81,0.9567
M_4006,2021-12-31,age_90_,87,1.0381
M_4006,2021-06-30,age_90_,83,1.0094
M_4007,2024-12-31,age_90_,13,0.737
M_4007,2024-06-30,age_90_,13,0.7357
M_4007,2023-12-31,age_90_,10,0.5685
M_4007,2023-06-30,age_90_,11,0.6448
M_4007,2022-12-31,age_90_,12,0.7105
M_4007,2022-06-30,age_90_,10,0.6127
M_4007,2021-12-31,age_90_,11,0.6782
M_4007,2021-06-30,age_90_,11,0.6744
M_4008,2024-12-31,age_90_,61,0.8708
M_4008,2024-06-30,age_90_,60,0.8639
M_4008,2023-12-31,age_90_,56,0.8153
M_4008,2023-06-30,age_90_,54,0.8024
M_4008,2022-12-31,age_90_,48,0.7314
M_4008,2022-06-30,age_90_,40,0.6126
M_4008,2021-12-31,age_90_,39,0.6062
M_4008,2021-06-30,age_90_,43,0.6735
M_4009,2024-12-31,age_90_,38,0.9289
M_4009,2024-06-30,age_90_,35,0.8518
M_4009,2023-12-31,age_90_,34,0.8262
M_4009,2023-06-30,age_90_,35,0.8593
M_4009,2022-12-31,age_90_,35,0.8631
M_4009,2022-06-30,age_90_,34,0.8401
M_4009,2021-12-31,age_90_,32,0.7974
M_4009,2021-06-30,age_90_,34,0.8466
M_4010,2024-12-31,age_90_,73,0.8151
M_4010,2024-06-30,age_90_,68,0.7583
M_4010,2023-12-31,age_90_,68,0.7609
M_4010,2023-06-30,age_90_,70,0.791
M_4010,2022-12-31,age_90_,72,0.8201
M_4010,2022-06-30,age_90_,76,0.8735
M_4010,2021-12-31,age_90_,70,0.8081
M_4010,2021-06-30,age_90_,68,0.789
M_4012,2024-12-31,age_90_,89,0.7694
M_4012,2024-06-30,age_90_,87,0.761
M_4012,2023-12-31,age_90_,88,0.7773
M_4012,2023-06-30,age_90_,88,0.798
M_4012,2022-12-31,age_90_,80,0.7305
M_4012,2022-06-30,age_90_,74,0.6816
M_4012,2021-12-31,age_90_,78,0.717
M_4012,2021-06-30,age_90_,74,0.6852
M_4013,2024-12-31,age_90_,62,1.3855
M_4013,2024-06-30,age_90_,59,1.3134
M_4013,2023-12-31,age_90_,57,1.2639
M_4013,2023-06-30,age_90_,57,1.274
M_4013,2022-12-31,age_90_,60,1.3581
M_4013,2022-06-30,age_90_,57,1.2823
M_4013,2021-12-31,age_90_,49,1.1205
M_4013,2021-06-30,age_90_,47,1.0743
